corpus,recording_id,model,ref_speakers,hyp_speakers,DER_collar0.0,miss_collar0.0_sec,falsealarm_collar0.0_sec,confusion_collar0.0_sec,total_ref_collar0.0_sec,DER_collar0.25,miss_collar0.25_sec,falsealarm_collar0.25_sec,confusion_collar0.25_sec,total_ref_collar0.25_sec,JER
afrispeech_dialog,4a3a2d55-ff3c-4f06-8a62-9d6d4cae2763,G1-A NeMo MarbleNet+TitaNet+spectral,2,3,0.236,25.27,68.52,15.5,463.09,0.2128,23.36,58.21,14.27,450.3,0.1661
afrispeech_dialog,4a3a2d55-ff3c-4f06-8a62-9d6d4cae2763,G1-B MarbleNet VAD + VBx,2,3,0.2241,25.27,68.52,10.0,463.09,0.2007,23.36,58.21,8.81,450.3,0.168
afrispeech_dialog,4a3a2d55-ff3c-4f06-8a62-9d6d4cae2763,G2-A pyannote community-1,2,2,0.2514,92.23,22.15,2.03,463.09,0.2328,87.05,15.84,1.94,450.3,0.243
afrispeech_dialog,4a3a2d55-ff3c-4f06-8a62-9d6d4cae2763,G2-B NeMo diar_msdd_telephonic,2,3,0.2551,73.6,38.73,5.79,463.09,0.2336,69.98,30.13,5.09,450.3,0.2218
afrispeech_dialog,4a3a2d55-ff3c-4f06-8a62-9d6d4cae2763,G3-A nvidia/diar_streaming_sortformer_4spk-v2.1,2,3,0.2351,76.55,30.53,1.79,463.09,0.2153,72.13,23.34,1.46,450.3,0.2179
afrispeech_dialog,4a3a2d55-ff3c-4f06-8a62-9d6d4cae2763,G4-A OpenMOSS-Team/MOSS-Transcribe-Diarize,2,2,0.737,93.05,65.29,182.96,463.09,0.7199,90.76,55.43,177.97,450.3,0.737
afrispeech_dialog,50297ef6-eb94-40b9-8303-b2c3f6e6def3,G1-A NeMo MarbleNet+TitaNet+spectral,2,2,0.2099,78.41,1.02,26.17,503.0,0.2056,78.09,0.89,23.09,496.5,0.2546
afrispeech_dialog,50297ef6-eb94-40b9-8303-b2c3f6e6def3,G1-B MarbleNet VAD + VBx,2,2,0.2105,78.41,1.02,26.47,503.0,0.2062,78.09,0.89,23.39,496.5,0.2549
afrispeech_dialog,50297ef6-eb94-40b9-8303-b2c3f6e6def3,G2-A pyannote community-1,2,2,0.2148,83.28,0.7,24.05,503.0,0.2106,83.01,0.57,20.98,496.5,0.2574
afrispeech_dialog,50297ef6-eb94-40b9-8303-b2c3f6e6def3,G2-B NeMo diar_msdd_telephonic,2,2,0.2446,97.67,1.02,24.34,503.0,0.2403,97.1,0.89,21.32,496.5,0.2837
afrispeech_dialog,50297ef6-eb94-40b9-8303-b2c3f6e6def3,G3-A nvidia/diar_streaming_sortformer_4spk-v2.1,2,2,0.2667,112.56,0.7,20.88,503.0,0.2627,111.8,0.57,18.06,496.5,0.2977
afrispeech_dialog,50297ef6-eb94-40b9-8303-b2c3f6e6def3,G4-A OpenMOSS-Team/MOSS-Transcribe-Diarize,2,2,0.4759,63.96,1.02,174.39,503.0,0.4746,63.27,0.89,171.45,496.5,0.6366
afrispeech_dialog,5129fd8c-7b8c-4d05-a03a-196bcae4deff,G1-A NeMo MarbleNet+TitaNet+spectral,2,2,0.4785,59.63,47.1,17.9,260.43,0.4294,52.76,35.12,11.24,230.79,0.4748
afrispeech_dialog,5129fd8c-7b8c-4d05-a03a-196bcae4deff,G1-B MarbleNet VAD + VBx,2,2,0.4813,59.63,47.1,18.62,260.43,0.4323,52.76,35.12,11.9,230.79,0.4797
afrispeech_dialog,5129fd8c-7b8c-4d05-a03a-196bcae4deff,G2-A pyannote community-1,2,2,0.4313,40.86,53.24,18.21,260.43,0.3736,34.86,39.47,11.89,230.79,0.4231
afrispeech_dialog,5129fd8c-7b8c-4d05-a03a-196bcae4deff,G2-B NeMo diar_msdd_telephonic,2,2,0.4878,74.72,40.58,11.73,260.43,0.4396,65.52,29.52,6.43,230.79,0.4799
afrispeech_dialog,5129fd8c-7b8c-4d05-a03a-196bcae4deff,G3-A nvidia/diar_streaming_sortformer_4spk-v2.1,2,2,0.4932,54.32,53.13,21.0,260.43,0.4435,47.72,40.35,14.29,230.79,0.4697
afrispeech_dialog,5129fd8c-7b8c-4d05-a03a-196bcae4deff,G4-A OpenMOSS-Team/MOSS-Transcribe-Diarize,2,2,0.8162,40.26,64.1,108.2,260.43,0.7837,36.12,48.98,95.78,230.79,0.7711
afrispeech_dialog,58efe9ef-6c76-4d17-b1b2-f397552a0c0e,G1-A NeMo MarbleNet+TitaNet+spectral,2,2,0.3795,26.04,28.6,10.3,171.1,0.3281,22.39,21.51,6.89,154.78,0.3601
afrispeech_dialog,58efe9ef-6c76-4d17-b1b2-f397552a0c0e,G1-B MarbleNet VAD + VBx,2,2,0.4159,26.04,28.6,16.51,171.1,0.3627,22.39,21.51,12.25,154.78,0.4098
afrispeech_dialog,58efe9ef-6c76-4d17-b1b2-f397552a0c0e,G2-A pyannote community-1,2,2,0.4394,12.09,37.71,25.39,171.1,0.3868,10.93,28.5,20.43,154.78,0.4304
afrispeech_dialog,58efe9ef-6c76-4d17-b1b2-f397552a0c0e,G2-B NeMo diar_msdd_telephonic,2,2,0.3762,27.8,27.68,8.88,171.1,0.3231,24.52,19.93,5.55,154.78,0.3557
afrispeech_dialog,58efe9ef-6c76-4d17-b1b2-f397552a0c0e,G3-A nvidia/diar_streaming_sortformer_4spk-v2.1,2,2,0.3981,14.97,40.82,12.32,171.1,0.3461,13.29,31.66,8.63,154.78,0.3617
afrispeech_dialog,58efe9ef-6c76-4d17-b1b2-f397552a0c0e,G4-A OpenMOSS-Team/MOSS-Transcribe-Diarize,2,2,0.7443,19.88,36.89,70.59,171.1,0.7054,17.98,28.03,63.17,154.78,0.72
afrispeech_dialog,6d5f1e84-dbc5-42d3-898e-bfe9c2cfe166,G1-A NeMo MarbleNet+TitaNet+spectral,2,2,0.344,13.26,30.72,13.9,168.24,0.292,12.56,22.38,9.52,152.28,0.3794
afrispeech_dialog,6d5f1e84-dbc5-42d3-898e-bfe9c2cfe166,G1-B MarbleNet VAD + VBx,2,2,0.3516,13.26,30.72,15.18,168.24,0.2976,12.56,22.38,10.36,152.28,0.3897
afrispeech_dialog,6d5f1e84-dbc5-42d3-898e-bfe9c2cfe166,G2-A pyannote community-1,2,2,0.3979,22.72,31.64,12.59,168.24,0.3505,20.36,24.44,8.58,152.28,0.4161
afrispeech_dialog,6d5f1e84-dbc5-42d3-898e-bfe9c2cfe166,G2-B NeMo diar_msdd_telephonic,2,2,0.407,18.85,38.42,11.19,168.24,0.3456,17.55,27.56,7.51,152.28,0.4009
afrispeech_dialog,6d5f1e84-dbc5-42d3-898e-bfe9c2cfe166,G3-A nvidia/diar_streaming_sortformer_4spk-v2.1,2,2,0.4029,19.56,32.63,15.59,168.24,0.3557,17.69,25.49,10.98,152.28,0.4295
afrispeech_dialog,6d5f1e84-dbc5-42d3-898e-bfe9c2cfe166,G4-A OpenMOSS-Team/MOSS-Transcribe-Diarize,2,2,0.693,12.9,31.8,71.89,168.24,0.6558,11.48,23.58,64.8,152.28,0.748
afrispeech_dialog,78fb7265-0373-49d5-b933-c28c95cf3eea,G1-A NeMo MarbleNet+TitaNet+spectral,2,3,0.3823,61.88,169.38,25.5,671.54,0.3472,55.63,141.94,21.65,631.45,0.2944
afrispeech_dialog,78fb7265-0373-49d5-b933-c28c95cf3eea,G1-B MarbleNet VAD + VBx,2,3,0.4454,61.88,169.38,67.88,671.54,0.4087,55.63,141.94,60.51,631.45,0.3314
afrispeech_dialog,78fb7265-0373-49d5-b933-c28c95cf3eea,G2-A pyannote community-1,2,2,0.303,122.42,78.12,2.95,671.54,0.2692,109.04,58.59,2.35,631.45,0.2839
afrispeech_dialog,78fb7265-0373-49d5-b933-c28c95cf3eea,G2-B NeMo diar_msdd_telephonic,2,3,0.3677,97.27,132.56,17.1,671.54,0.3333,87.77,107.56,15.12,631.45,0.3017
afrispeech_dialog,78fb7265-0373-49d5-b933-c28c95cf3eea,G3-A nvidia/diar_streaming_sortformer_4spk-v2.1,2,3,0.3354,141.68,79.99,3.54,671.54,0.3016,127.22,60.77,2.45,631.45,0.3105
afrispeech_dialog,78fb7265-0373-49d5-b933-c28c95cf3eea,G4-A OpenMOSS-Team/MOSS-Transcribe-Diarize,2,2,0.8342,141.17,182.83,236.2,671.54,0.8083,130.9,157.84,221.69,631.45,0.7693
afrispeech_dialog,9c876e95-8e06-491c-892b-1d0163cbcc50,G1-A NeMo MarbleNet+TitaNet+spectral,2,2,0.095,4.72,0.82,33.39,409.99,0.0793,4.34,0.7,26.28,394.99,0.1865
afrispeech_dialog,9c876e95-8e06-491c-892b-1d0163cbcc50,G1-B MarbleNet VAD + VBx,2,2,0.0947,4.72,0.82,33.27,409.99,0.0798,4.34,0.7,26.5,394.99,0.1858
afrispeech_dialog,9c876e95-8e06-491c-892b-1d0163cbcc50,G2-A pyannote community-1,2,2,0.1535,40.99,0.48,21.47,409.99,0.1364,37.44,0.35,16.08,394.99,0.222
afrispeech_dialog,9c876e95-8e06-491c-892b-1d0163cbcc50,G2-B NeMo diar_msdd_telephonic,2,2,0.133,24.36,7.07,23.09,409.99,0.1175,22.8,6.35,17.25,394.99,0.1974
afrispeech_dialog,9c876e95-8e06-491c-892b-1d0163cbcc50,G3-A nvidia/diar_streaming_sortformer_4spk-v2.1,2,2,0.1439,35.92,0.79,22.28,409.99,0.1281,33.05,0.67,16.89,394.99,0.21
afrispeech_dialog,9c876e95-8e06-491c-892b-1d0163cbcc50,G4-A OpenMOSS-Team/MOSS-Transcribe-Diarize,2,2,0.3639,13.94,1.03,134.24,409.99,0.3581,13.4,0.91,127.13,394.99,0.5718
afrispeech_dialog,9d1962f3-e879-452d-b57b-cf4a7f133cd8,G1-A NeMo MarbleNet+TitaNet+spectral,2,1,0.4121,7.7,69.54,76.53,373.11,0.3622,7.15,52.01,66.96,348.26,0.6725
afrispeech_dialog,9d1962f3-e879-452d-b57b-cf4a7f133cd8,G1-B MarbleNet VAD + VBx,2,2,0.3295,7.7,69.54,45.7,373.11,0.2763,7.16,52.01,37.06,348.26,0.4432
afrispeech_dialog,9d1962f3-e879-452d-b57b-cf4a7f133cd8,G2-A pyannote community-1,2,2,0.4313,30.95,60.66,69.32,373.11,0.3855,28.33,45.33,60.58,348.26,0.6765
afrispeech_dialog,9d1962f3-e879-452d-b57b-cf4a7f133cd8,G2-B NeMo diar_msdd_telephonic,2,2,0.3286,27.0,77.89,17.71,373.11,0.2776,25.04,59.55,12.1,348.26,0.3625
afrispeech_dialog,9d1962f3-e879-452d-b57b-cf4a7f133cd8,G3-A nvidia/diar_streaming_sortformer_4spk-v2.1,2,3,0.3515,61.56,51.23,18.35,373.11,0.312,56.85,38.7,13.11,348.26,0.3935
afrispeech_dialog,9d1962f3-e879-452d-b57b-cf4a7f133cd8,G4-A OpenMOSS-Team/MOSS-Transcribe-Diarize,2,2,0.5201,21.99,65.86,106.2,373.11,0.4742,20.54,48.98,95.63,348.26,0.6293
afrispeech_dialog,ab8fd39d-52bc-48fa-bae9-ff636627f1e5,G1-A NeMo MarbleNet+TitaNet+spectral,2,2,0.3198,46.34,33.52,12.2,287.89,0.2839,42.63,25.35,9.11,271.53,0.3337
afrispeech_dialog,ab8fd39d-52bc-48fa-bae9-ff636627f1e5,G1-B MarbleNet VAD + VBx,2,2,0.3107,46.34,33.52,9.6,287.89,0.2752,42.63,25.35,6.74,271.53,0.319
afrispeech_dialog,ab8fd39d-52bc-48fa-bae9-ff636627f1e5,G2-A pyannote community-1,2,2,0.2539,20.83,43.59,8.68,287.89,0.2135,18.38,33.51,6.08,271.53,0.2525
afrispeech_dialog,ab8fd39d-52bc-48fa-bae9-ff636627f1e5,G2-B NeMo diar_msdd_telephonic,2,2,0.4227,92.45,19.6,9.64,287.89,0.3944,85.66,13.71,7.72,271.53,0.472
afrispeech_dialog,ab8fd39d-52bc-48fa-bae9-ff636627f1e5,G3-A nvidia/diar_streaming_sortformer_4spk-v2.1,2,4,0.3656,40.83,36.42,28.01,287.89,0.3321,37.69,28.01,24.48,271.53,0.3514
afrispeech_dialog,ab8fd39d-52bc-48fa-bae9-ff636627f1e5,G4-A OpenMOSS-Team/MOSS-Transcribe-Diarize,2,2,0.6627,45.62,46.81,98.36,287.89,0.6373,43.58,37.85,91.63,271.53,0.684
afrispeech_dialog,b05dc1f2-874e-4fd1-a613-d3187f4c2293,G1-A NeMo MarbleNet+TitaNet+spectral,2,3,0.3022,18.97,0.81,71.8,303.01,0.2885,18.42,0.69,63.54,286.51,0.4692
afrispeech_dialog,b05dc1f2-874e-4fd1-a613-d3187f4c2293,G1-B MarbleNet VAD + VBx,2,2,0.2723,18.97,0.81,62.72,303.01,0.2573,18.42,0.69,54.6,286.51,0.4493
afrispeech_dialog,b05dc1f2-874e-4fd1-a613-d3187f4c2293,G2-A pyannote community-1,2,2,0.3641,63.8,4.96,41.56,303.01,0.3488,60.07,4.83,35.04,286.51,0.4983
afrispeech_dialog,b05dc1f2-874e-4fd1-a613-d3187f4c2293,G2-B NeMo diar_msdd_telephonic,2,2,0.393,70.16,3.73,45.19,303.01,0.3808,67.35,3.39,38.36,286.51,0.5243
afrispeech_dialog,b05dc1f2-874e-4fd1-a613-d3187f4c2293,G3-A nvidia/diar_streaming_sortformer_4spk-v2.1,2,3,0.4002,74.4,3.42,43.43,303.01,0.3868,70.83,3.3,36.71,286.51,0.5257
afrispeech_dialog,b05dc1f2-874e-4fd1-a613-d3187f4c2293,G4-A OpenMOSS-Team/MOSS-Transcribe-Diarize,2,2,0.4554,39.77,1.02,97.21,303.01,0.4489,37.58,0.9,90.14,286.51,0.6502
afrispeech_dialog,b6f48ed7-e629-4e50-af63-1c9067c34ef2,G1-A NeMo MarbleNet+TitaNet+spectral,2,2,0.3411,7.0,34.52,18.05,174.66,0.2847,5.26,26.95,12.35,156.52,0.4419
afrispeech_dialog,b6f48ed7-e629-4e50-af63-1c9067c34ef2,G1-B MarbleNet VAD + VBx,2,2,0.3456,7.0,34.52,18.85,174.66,0.2941,5.26,26.95,13.82,156.52,0.4904
afrispeech_dialog,b6f48ed7-e629-4e50-af63-1c9067c34ef2,G2-A pyannote community-1,2,2,0.4051,18.73,27.01,25.01,174.66,0.3561,15.43,20.94,19.36,156.52,0.5665
afrispeech_dialog,b6f48ed7-e629-4e50-af63-1c9067c34ef2,G2-B NeMo diar_msdd_telephonic,2,2,0.3743,15.52,34.61,15.25,174.66,0.3153,12.48,26.82,10.06,156.52,0.459
afrispeech_dialog,b6f48ed7-e629-4e50-af63-1c9067c34ef2,G3-A nvidia/diar_streaming_sortformer_4spk-v2.1,2,2,0.3963,26.96,27.02,15.24,174.66,0.3475,23.02,21.13,10.24,156.52,0.4931
afrispeech_dialog,b6f48ed7-e629-4e50-af63-1c9067c34ef2,G4-A OpenMOSS-Team/MOSS-Transcribe-Diarize,2,2,0.6683,31.63,36.36,48.74,174.66,0.6356,29.12,28.5,41.86,156.52,0.7283
afrispeech_dialog,b9ffbd7f-d6a5-4511-a7aa-b1e0b52dfc03,G1-A NeMo MarbleNet+TitaNet+spectral,2,2,0.2596,25.09,45.67,7.37,300.93,0.224,23.17,36.11,4.81,286.07,0.2413
afrispeech_dialog,b9ffbd7f-d6a5-4511-a7aa-b1e0b52dfc03,G1-B MarbleNet VAD + VBx,2,2,0.2608,25.09,45.67,7.73,300.93,0.2247,23.17,36.11,4.99,286.07,0.2432
afrispeech_dialog,b9ffbd7f-d6a5-4511-a7aa-b1e0b52dfc03,G2-A pyannote community-1,2,2,0.2235,37.03,26.09,4.16,300.93,0.1897,32.36,19.07,2.83,286.07,0.2165
afrispeech_dialog,b9ffbd7f-d6a5-4511-a7aa-b1e0b52dfc03,G2-B NeMo diar_msdd_telephonic,2,2,0.3105,60.09,28.63,4.72,300.93,0.2794,55.08,21.75,3.1,286.07,0.2934
afrispeech_dialog,b9ffbd7f-d6a5-4511-a7aa-b1e0b52dfc03,G3-A nvidia/diar_streaming_sortformer_4spk-v2.1,2,2,0.2321,36.91,28.51,4.42,300.93,0.1988,32.18,21.76,2.92,286.07,0.2232
afrispeech_dialog,b9ffbd7f-d6a5-4511-a7aa-b1e0b52dfc03,G4-A OpenMOSS-Team/MOSS-Transcribe-Diarize,2,2,0.6113,61.4,49.19,73.37,300.93,0.5797,59.14,38.9,67.8,286.07,0.6071
afrispeech_dialog,bbc98b6e-f165-4475-b0b3-8e25ab259323,G1-A NeMo MarbleNet+TitaNet+spectral,2,2,0.2464,2.14,1.02,49.57,214.03,0.2212,2.11,0.9,40.14,195.03,0.4204
afrispeech_dialog,bbc98b6e-f165-4475-b0b3-8e25ab259323,G1-B MarbleNet VAD + VBx,2,2,0.2494,2.14,1.02,50.21,214.03,0.2238,2.11,0.9,40.65,195.03,0.4275
afrispeech_dialog,bbc98b6e-f165-4475-b0b3-8e25ab259323,G2-A pyannote community-1,2,2,0.3614,32.86,1.35,43.14,214.03,0.3447,31.08,1.12,35.03,195.03,0.5361
afrispeech_dialog,bbc98b6e-f165-4475-b0b3-8e25ab259323,G2-B NeMo diar_msdd_telephonic,2,2,0.2767,9.85,10.8,38.56,214.03,0.2521,9.72,9.26,30.18,195.03,0.4052
afrispeech_dialog,bbc98b6e-f165-4475-b0b3-8e25ab259323,G3-A nvidia/diar_streaming_sortformer_4spk-v2.1,2,2,0.2992,35.12,1.03,27.88,214.03,0.2735,31.82,0.9,20.63,195.03,0.4194
afrispeech_dialog,bbc98b6e-f165-4475-b0b3-8e25ab259323,G4-A OpenMOSS-Team/MOSS-Transcribe-Diarize,2,2,0.5395,27.33,0.94,87.19,214.03,0.5353,24.33,0.9,79.18,195.03,0.712
afrispeech_dialog,c2e43333-258a-457e-80b8-5a1eb79baf02,G1-A NeMo MarbleNet+TitaNet+spectral,2,3,0.2978,41.59,1.02,51.79,316.99,0.2848,39.67,0.9,45.3,301.49,0.3805
afrispeech_dialog,c2e43333-258a-457e-80b8-5a1eb79baf02,G1-B MarbleNet VAD + VBx,2,2,0.2581,41.59,1.02,39.21,316.99,0.2429,39.67,0.9,32.65,301.49,0.3508
afrispeech_dialog,c2e43333-258a-457e-80b8-5a1eb79baf02,G2-A pyannote community-1,2,2,0.3784,96.32,0.94,22.68,316.99,0.3667,92.47,0.82,17.27,301.49,0.4265
afrispeech_dialog,c2e43333-258a-457e-80b8-5a1eb79baf02,G2-B NeMo diar_msdd_telephonic,2,2,0.4246,111.86,1.31,21.43,316.99,0.4144,107.39,1.19,16.36,301.49,0.4494
afrispeech_dialog,c2e43333-258a-457e-80b8-5a1eb79baf02,G3-A nvidia/diar_streaming_sortformer_4spk-v2.1,2,2,0.3223,82.56,0.7,18.92,316.99,0.3075,78.53,0.58,13.62,301.49,0.3636
afrispeech_dialog,c2e43333-258a-457e-80b8-5a1eb79baf02,G4-A OpenMOSS-Team/MOSS-Transcribe-Diarize,2,2,0.5967,74.89,1.02,113.24,316.99,0.5942,70.55,0.9,107.7,301.49,0.7304
afrispeech_dialog,d3550502-5ae7-4314-8a21-036d488cd8d6,G1-A NeMo MarbleNet+TitaNet+spectral,2,2,0.2598,21.1,0.06,35.46,217.96,0.2349,18.54,0.0,28.29,199.4,0.3642
afrispeech_dialog,d3550502-5ae7-4314-8a21-036d488cd8d6,G1-B MarbleNet VAD + VBx,2,2,0.2633,21.1,0.06,36.22,217.96,0.2383,18.54,0.0,28.96,199.4,0.3689
afrispeech_dialog,d3550502-5ae7-4314-8a21-036d488cd8d6,G2-A pyannote community-1,2,2,0.3183,37.24,2.14,29.99,217.96,0.2922,32.69,1.82,23.75,199.4,0.3986
afrispeech_dialog,d3550502-5ae7-4314-8a21-036d488cd8d6,G2-B NeMo diar_msdd_telephonic,2,2,0.2957,30.52,2.81,31.13,217.96,0.2696,27.09,2.38,24.29,199.4,0.3801
afrispeech_dialog,d3550502-5ae7-4314-8a21-036d488cd8d6,G3-A nvidia/diar_streaming_sortformer_4spk-v2.1,2,2,0.3013,38.74,2.24,24.7,217.96,0.271,33.43,1.99,18.61,199.4,0.3699
afrispeech_dialog,d3550502-5ae7-4314-8a21-036d488cd8d6,G4-A OpenMOSS-Team/MOSS-Transcribe-Diarize,2,2,0.5698,36.64,0.06,87.5,217.96,0.5655,32.12,0.0,80.65,199.4,0.6928
afrispeech_dialog,f2905988-70f5-42a3-86db-19066b25bc48,G1-A NeMo MarbleNet+TitaNet+spectral,2,3,0.3204,8.57,41.99,8.04,182.89,0.2898,7.94,36.02,6.43,173.89,0.2519
afrispeech_dialog,f2905988-70f5-42a3-86db-19066b25bc48,G1-B MarbleNet VAD + VBx,2,2,0.299,8.57,41.99,4.12,182.89,0.2694,7.94,36.02,2.89,173.89,0.2991
afrispeech_dialog,f2905988-70f5-42a3-86db-19066b25bc48,G2-A pyannote community-1,2,2,0.2996,32.1,20.69,2.01,182.89,0.2697,29.03,16.45,1.42,173.89,0.3007
afrispeech_dialog,f2905988-70f5-42a3-86db-19066b25bc48,G2-B NeMo diar_msdd_telephonic,2,2,0.359,44.02,19.22,2.41,182.89,0.3332,41.25,14.92,1.78,173.89,0.3453
afrispeech_dialog,f2905988-70f5-42a3-86db-19066b25bc48,G3-A nvidia/diar_streaming_sortformer_4spk-v2.1,2,2,0.3626,49.82,14.75,1.74,182.89,0.3335,45.86,11.08,1.06,173.89,0.3533
afrispeech_dialog,f2905988-70f5-42a3-86db-19066b25bc48,G4-A OpenMOSS-Team/MOSS-Transcribe-Diarize,2,2,0.7619,54.71,41.77,42.86,182.89,0.7429,52.19,37.26,39.73,173.89,0.7321
afrispeech_dialog,f9bd30b2-684d-470e-b65c-ced156da0bbb,G1-A NeMo MarbleNet+TitaNet+spectral,2,3,0.7468,102.46,1.31,67.99,230.0,0.7487,100.66,1.18,64.19,221.75,0.7923
afrispeech_dialog,f9bd30b2-684d-470e-b65c-ced156da0bbb,G1-B MarbleNet VAD + VBx,2,1,0.6998,102.46,1.31,57.18,230.0,0.7019,100.66,1.18,53.79,221.75,0.8236
afrispeech_dialog,f9bd30b2-684d-470e-b65c-ced156da0bbb,G2-A pyannote community-1,2,2,0.7659,121.2,0.58,54.36,230.0,0.77,119.11,0.46,51.17,221.75,0.8526
afrispeech_dialog,f9bd30b2-684d-470e-b65c-ced156da0bbb,G2-B NeMo diar_msdd_telephonic,2,1,0.7959,145.49,0.76,36.79,230.0,0.7968,141.46,0.63,34.59,221.75,0.8664
afrispeech_dialog,f9bd30b2-684d-470e-b65c-ced156da0bbb,G3-A nvidia/diar_streaming_sortformer_4spk-v2.1,2,1,0.8085,147.76,0.64,37.55,230.0,0.8125,144.68,0.52,34.97,221.75,0.8753
afrispeech_dialog,f9bd30b2-684d-470e-b65c-ced156da0bbb,G4-A OpenMOSS-Team/MOSS-Transcribe-Diarize,2,2,0.7898,145.79,0.65,35.21,230.0,0.7882,140.5,0.65,33.63,221.75,0.8196
ami,EN2002a,G1-A NeMo MarbleNet+TitaNet+spectral,4,4,0.3631,777.73,63.83,77.19,2530.26,0.3163,581.52,27.71,41.88,2058.56,0.3822
ami,EN2002a,G1-B MarbleNet VAD + VBx,4,6,0.4216,777.73,63.83,225.12,2530.26,0.3733,581.51,27.71,159.28,2058.56,0.4336
ami,EN2002a,G2-A pyannote community-1,4,4,0.219,338.73,72.23,143.26,2530.26,0.1778,232.44,37.7,95.97,2058.56,0.2659
ami,EN2002a,G2-B NeMo diar_msdd_telephonic,4,4,0.3374,683.29,86.24,84.28,2530.26,0.2884,517.43,29.93,46.31,2058.56,0.3557
ami,EN2002a,G3-A nvidia/diar_streaming_sortformer_4spk-v2.1,4,4,0.3292,760.9,27.6,44.44,2530.26,0.3028,588.01,8.03,27.33,2058.56,0.3475
ami,EN2002a,G4-A OpenMOSS-Team/MOSS-Transcribe-Diarize,4,4,0.4369,1045.26,39.52,20.75,2530.26,0.3864,776.8,12.88,5.73,2058.56,0.4551
ami,EN2002b,G1-A NeMo MarbleNet+TitaNet+spectral,4,5,0.3689,585.63,68.65,62.72,1943.44,0.3318,465.41,42.69,36.89,1642.53,0.3833
ami,EN2002b,G1-B MarbleNet VAD + VBx,4,5,0.421,585.63,68.65,163.95,1943.44,0.3799,465.41,42.69,115.89,1642.53,0.4187
ami,EN2002b,G2-A pyannote community-1,4,4,0.2074,219.96,61.93,121.1,1943.44,0.1723,161.81,34.8,86.35,1642.53,0.2615
ami,EN2002b,G2-B NeMo diar_msdd_telephonic,4,4,0.3301,507.94,75.5,58.02,1943.44,0.2931,405.94,39.6,35.8,1642.53,0.3491
ami,EN2002b,G3-A nvidia/diar_streaming_sortformer_4spk-v2.1,4,4,0.325,576.28,24.97,30.44,1943.44,0.3044,470.86,9.85,19.24,1642.53,0.3387
ami,EN2002b,G4-A OpenMOSS-Team/MOSS-Transcribe-Diarize,4,4,0.2877,510.24,27.48,21.36,1943.44,0.2546,390.94,14.35,12.93,1642.53,0.3105
ami,EN2002c,G1-A NeMo MarbleNet+TitaNet+spectral,3,4,0.3273,947.36,89.33,57.63,3343.64,0.2995,796.67,56.47,28.22,2942.67,0.3246
ami,EN2002c,G1-B MarbleNet VAD + VBx,3,5,0.3964,947.36,89.33,288.87,3343.64,0.3648,796.67,56.47,220.44,2942.67,0.3837
ami,EN2002c,G2-A pyannote community-1,3,3,0.1754,442.78,37.71,105.92,3343.64,0.1542,358.24,17.48,77.9,2942.67,0.1993
ami,EN2002c,G2-B NeMo diar_msdd_telephonic,3,3,0.2958,829.89,111.9,47.28,3343.64,0.268,706.48,59.99,22.16,2942.67,0.2987
ami,EN2002c,G3-A nvidia/diar_streaming_sortformer_4spk-v2.1,3,4,0.3184,1005.42,21.78,37.54,3343.64,0.3029,860.88,5.52,24.97,2942.67,0.3206
ami,EN2002c,G4-A OpenMOSS-Team/MOSS-Transcribe-Diarize,3,7,0.5037,947.47,56.16,680.45,3343.64,0.4814,770.66,40.07,605.87,2942.67,0.5022
ami,EN2002d,G1-A NeMo MarbleNet+TitaNet+spectral,4,5,0.3894,881.81,77.7,82.54,2675.89,0.3551,701.28,45.19,47.9,2236.88,0.4037
ami,EN2002d,G1-B MarbleNet VAD + VBx,4,5,0.448,881.81,77.7,239.16,2675.89,0.4125,701.28,45.18,176.14,2236.88,0.4505
ami,EN2002d,G2-A pyannote community-1,4,4,0.2317,384.73,84.57,150.78,2675.89,0.2004,293.13,48.14,107.01,2236.88,0.277
ami,EN2002d,G2-B NeMo diar_msdd_telephonic,4,4,0.3678,807.36,96.88,80.05,2675.89,0.3349,649.04,52.47,47.69,2236.88,0.3884
ami,EN2002d,G3-A nvidia/diar_streaming_sortformer_4spk-v2.1,4,4,0.3525,889.0,28.39,25.98,2675.89,0.3329,721.59,8.52,14.53,2236.88,0.3701
ami,EN2002d,G4-A OpenMOSS-Team/MOSS-Transcribe-Diarize,4,4,0.345,843.84,44.27,34.95,2675.89,0.3128,665.63,15.72,18.42,2236.88,0.3713
ami,ES2004a,G1-A NeMo MarbleNet+TitaNet+spectral,4,5,0.315,218.12,47.83,24.89,923.43,0.2714,161.45,33.75,15.32,775.77,0.3261
ami,ES2004a,G1-B MarbleNet VAD + VBx,4,5,0.3282,218.12,47.83,37.11,923.43,0.282,161.45,33.75,23.53,775.77,0.3335
ami,ES2004a,G2-A pyannote community-1,4,5,0.1876,114.76,29.61,28.85,923.43,0.1438,78.27,16.18,17.12,775.77,0.2274
ami,ES2004a,G2-B NeMo diar_msdd_telephonic,4,5,0.3156,211.26,52.45,27.73,923.43,0.2721,156.8,37.97,16.34,775.77,0.3215
ami,ES2004a,G3-A nvidia/diar_streaming_sortformer_4spk-v2.1,4,4,0.2929,250.51,8.84,11.12,923.43,0.2654,196.64,2.21,7.04,775.77,0.3215
ami,ES2004a,G4-A OpenMOSS-Team/MOSS-Transcribe-Diarize,4,4,0.2142,168.16,23.04,6.57,923.43,0.1707,122.36,8.8,1.29,775.77,0.2474
ami,ES2004b,G1-A NeMo MarbleNet+TitaNet+spectral,4,5,0.2246,358.84,103.87,38.86,2233.05,0.1835,262.09,76.33,22.97,1969.91,0.2027
ami,ES2004b,G1-B MarbleNet VAD + VBx,4,5,0.2324,358.84,103.87,56.24,2233.05,0.1899,262.08,76.33,35.71,1969.91,0.2132
ami,ES2004b,G2-A pyannote community-1,4,5,0.1261,140.7,78.4,62.39,2233.05,0.0867,83.66,48.04,39.0,1969.91,0.1428
ami,ES2004b,G2-B NeMo diar_msdd_telephonic,4,6,0.2504,374.48,99.36,85.33,2233.05,0.2102,279.83,71.92,62.42,1969.91,0.2248
ami,ES2004b,G3-A nvidia/diar_streaming_sortformer_4spk-v2.1,4,4,0.2594,470.41,41.76,67.15,2233.05,0.2366,382.71,29.91,53.4,1969.91,0.2943
ami,ES2004b,G4-A OpenMOSS-Team/MOSS-Transcribe-Diarize,4,4,0.1354,255.54,37.16,9.61,2233.05,0.1019,186.4,11.67,2.66,1969.91,0.1396
ami,ES2004c,G1-A NeMo MarbleNet+TitaNet+spectral,4,5,0.2166,368.04,80.2,38.0,2244.47,0.1736,275.53,47.43,19.22,1971.35,0.2088
ami,ES2004c,G1-B MarbleNet VAD + VBx,4,5,0.2242,368.04,80.2,54.86,2244.47,0.1795,275.53,47.43,30.81,1971.35,0.2165
ami,ES2004c,G2-A pyannote community-1,4,5,0.1235,117.89,105.76,53.5,2244.47,0.0841,69.14,67.35,29.33,1971.35,0.1363
ami,ES2004c,G2-B NeMo diar_msdd_telephonic,4,4,0.2135,359.22,95.13,24.94,2244.47,0.1744,280.74,53.89,9.23,1971.35,0.2139
ami,ES2004c,G3-A nvidia/diar_streaming_sortformer_4spk-v2.1,4,4,0.2143,445.68,24.41,10.88,2244.47,0.1888,360.29,7.63,4.26,1971.35,0.2141
ami,ES2004c,G4-A OpenMOSS-Team/MOSS-Transcribe-Diarize,4,4,0.1167,204.79,44.11,13.08,2244.47,0.0854,144.17,19.78,4.33,1971.35,0.1206
ami,ES2004d,G1-A NeMo MarbleNet+TitaNet+spectral,4,5,0.2836,435.87,87.31,46.04,2006.77,0.2321,319.47,48.52,23.61,1687.32,0.2974
ami,ES2004d,G1-B MarbleNet VAD + VBx,4,5,0.294,435.87,87.31,66.79,2006.77,0.2389,319.47,48.52,35.1,1687.32,0.3121
ami,ES2004d,G2-A pyannote community-1,4,4,0.1867,172.5,98.94,103.29,2006.77,0.1389,107.14,57.64,69.56,1687.32,0.2435
ami,ES2004d,G2-B NeMo diar_msdd_telephonic,4,5,0.2875,424.0,99.02,54.01,2006.77,0.2366,311.32,59.53,28.38,1687.32,0.2924
ami,ES2004d,G3-A nvidia/diar_streaming_sortformer_4spk-v2.1,4,4,0.248,423.44,36.48,37.8,2006.77,0.2155,323.32,13.92,26.34,1687.32,0.2741
ami,ES2004d,G4-A OpenMOSS-Team/MOSS-Transcribe-Diarize,4,4,0.1877,297.87,60.84,17.96,2006.77,0.148,222.1,21.33,6.33,1687.32,0.2062
ami,IS1009a,G1-A NeMo MarbleNet+TitaNet+spectral,4,5,0.3565,124.38,106.73,16.99,695.9,0.3211,88.86,91.06,9.74,590.73,0.3886
ami,IS1009a,G1-B MarbleNet VAD + VBx,4,5,0.375,124.38,106.73,29.85,695.9,0.3362,88.86,91.06,18.7,590.73,0.4102
ami,IS1009a,G2-A pyannote community-1,4,4,0.1965,59.62,38.69,38.42,695.9,0.1455,40.97,20.17,24.82,590.73,0.3329
ami,IS1009a,G2-B NeMo diar_msdd_telephonic,4,4,0.2622,131.21,37.14,14.13,695.9,0.2148,96.58,22.43,7.85,590.73,0.378
ami,IS1009a,G3-A nvidia/diar_streaming_sortformer_4spk-v2.1,4,4,0.2444,119.64,25.1,25.36,695.9,0.2173,93.65,13.98,20.75,590.73,0.3457
ami,IS1009a,G4-A OpenMOSS-Team/MOSS-Transcribe-Diarize,4,4,0.1945,108.69,18.64,8.05,695.9,0.1492,76.55,8.39,3.19,590.73,0.3108
ami,IS1009b,G1-A NeMo MarbleNet+TitaNet+spectral,4,5,0.2033,261.33,114.99,26.85,1982.97,0.1604,174.3,91.42,14.65,1747.67,0.1758
ami,IS1009b,G1-B MarbleNet VAD + VBx,4,5,0.2131,261.33,114.99,46.31,1982.97,0.1673,174.3,91.42,26.72,1747.67,0.1919
ami,IS1009b,G2-A pyannote community-1,4,5,0.1519,139.51,56.94,104.8,1982.97,0.1049,93.12,25.82,64.47,1747.67,0.1596
ami,IS1009b,G2-B NeMo diar_msdd_telephonic,4,4,0.1734,282.64,37.17,23.97,1982.97,0.129,200.46,12.98,11.91,1747.67,0.1801
ami,IS1009b,G3-A nvidia/diar_streaming_sortformer_4spk-v2.1,4,4,0.1589,256.29,35.16,23.57,1982.97,0.129,204.15,9.66,11.55,1747.67,0.1662
ami,IS1009b,G4-A OpenMOSS-Team/MOSS-Transcribe-Diarize,4,4,0.1215,169.77,46.53,24.59,1982.97,0.0792,118.16,11.12,9.11,1747.67,0.1286
ami,IS1009c,G1-A NeMo MarbleNet+TitaNet+spectral,4,5,0.192,142.7,138.0,23.49,1584.45,0.1546,102.45,108.99,12.93,1450.84,0.1494
ami,IS1009c,G1-B MarbleNet VAD + VBx,4,5,0.1999,142.7,138.0,36.04,1584.45,0.1604,102.45,108.99,21.34,1450.84,0.1613
ami,IS1009c,G2-A pyannote community-1,4,4,0.1005,74.04,53.56,31.65,1584.45,0.0633,53.07,24.65,14.15,1450.84,0.1179
ami,IS1009c,G2-B NeMo diar_msdd_telephonic,4,4,0.1443,160.6,47.47,20.62,1584.45,0.106,121.21,20.3,12.24,1450.84,0.1521
ami,IS1009c,G3-A nvidia/diar_streaming_sortformer_4spk-v2.1,4,4,0.3616,202.88,35.07,335.02,1584.45,0.3389,172.48,13.44,305.76,1450.84,0.4459
ami,IS1009c,G4-A OpenMOSS-Team/MOSS-Transcribe-Diarize,4,4,0.1013,89.22,56.96,14.3,1584.45,0.0638,68.67,19.16,4.72,1450.84,0.1052
ami,IS1009d,G1-A NeMo MarbleNet+TitaNet+spectral,4,5,0.2764,269.81,173.42,37.24,1738.6,0.2232,181.07,129.51,20.14,1481.68,0.2962
ami,IS1009d,G1-B MarbleNet VAD + VBx,4,5,0.2899,269.81,173.33,60.83,1738.6,0.2344,181.07,129.42,36.84,1481.68,0.3124
ami,IS1009d,G2-A pyannote community-1,4,4,0.1646,130.1,76.1,79.91,1738.6,0.1108,84.05,35.25,44.83,1481.68,0.2546
ami,IS1009d,G2-B NeMo diar_msdd_telephonic,4,4,0.2269,290.35,73.78,30.33,1738.6,0.1686,203.25,30.61,15.93,1481.68,0.292
ami,IS1009d,G3-A nvidia/diar_streaming_sortformer_4spk-v2.1,4,4,0.209,299.94,38.38,24.98,1738.6,0.1718,232.15,11.2,11.21,1481.68,0.2538
ami,IS1009d,G4-A OpenMOSS-Team/MOSS-Transcribe-Diarize,4,4,0.2011,186.17,110.39,53.13,1738.6,0.1302,127.19,38.25,27.49,1481.68,0.2805
ami,TS3003a,G1-A NeMo MarbleNet+TitaNet+spectral,4,3,0.3501,224.48,82.33,52.35,1025.96,0.3147,193.4,58.26,39.85,926.41,0.6694
ami,TS3003a,G1-B MarbleNet VAD + VBx,4,3,0.3591,224.48,82.33,61.57,1025.96,0.3213,193.4,58.26,45.99,926.41,0.6732
ami,TS3003a,G2-A pyannote community-1,4,4,0.1714,117.76,28.74,29.4,1025.96,0.1396,92.08,17.3,19.92,926.41,0.3922
ami,TS3003a,G2-B NeMo diar_msdd_telephonic,4,4,0.3237,223.03,69.24,39.78,1025.96,0.2895,194.07,45.08,29.08,926.41,0.5262
ami,TS3003a,G3-A nvidia/diar_streaming_sortformer_4spk-v2.1,4,4,0.3627,354.52,8.72,8.84,1025.96,0.3414,309.62,2.7,3.93,926.41,0.4727
ami,TS3003a,G4-A OpenMOSS-Team/MOSS-Transcribe-Diarize,4,4,0.2398,198.68,18.43,28.88,1025.96,0.2026,163.77,6.08,17.87,926.41,0.5131
ami,TS3003b,G1-A NeMo MarbleNet+TitaNet+spectral,4,5,0.2478,294.46,132.25,24.48,1820.5,0.2133,245.94,91.03,15.25,1651.54,0.2107
ami,TS3003b,G1-B MarbleNet VAD + VBx,4,5,0.2499,294.46,132.25,28.3,1820.5,0.2131,245.94,91.03,14.92,1651.54,0.2137
ami,TS3003b,G2-A pyannote community-1,4,4,0.1197,83.9,98.97,35.02,1820.5,0.084,48.04,69.51,21.17,1651.54,0.1384
ami,TS3003b,G2-B NeMo diar_msdd_telephonic,4,4,0.2314,306.3,98.67,16.24,1820.5,0.1973,260.53,57.43,7.96,1651.54,0.2223
ami,TS3003b,G3-A nvidia/diar_streaming_sortformer_4spk-v2.1,4,4,0.2714,459.92,21.34,12.77,1820.5,0.254,398.19,12.23,9.06,1651.54,0.2783
ami,TS3003b,G4-A OpenMOSS-Team/MOSS-Transcribe-Diarize,4,4,0.1408,173.85,76.65,5.86,1820.5,0.1105,134.16,46.99,1.34,1651.54,0.1372
ami,TS3003c,G1-A NeMo MarbleNet+TitaNet+spectral,4,5,0.3053,302.92,237.01,38.46,1894.25,0.2779,262.4,195.34,25.54,1738.78,0.2151
ami,TS3003c,G1-B MarbleNet VAD + VBx,4,5,0.3056,302.92,237.01,38.93,1894.25,0.276,262.4,195.34,22.1,1738.78,0.2213
ami,TS3003c,G2-A pyannote community-1,4,4,0.1334,142.68,80.2,29.83,1894.25,0.1018,105.45,53.15,18.48,1738.78,0.1351
ami,TS3003c,G2-B NeMo diar_msdd_telephonic,4,5,0.2693,319.85,154.26,36.08,1894.25,0.2396,280.16,114.23,22.27,1738.78,0.2206
ami,TS3003c,G3-A nvidia/diar_streaming_sortformer_4spk-v2.1,4,4,0.3889,608.55,14.54,113.57,1894.25,0.3742,538.83,8.21,103.61,1738.78,0.505
ami,TS3003c,G4-A OpenMOSS-Team/MOSS-Transcribe-Diarize,4,4,0.1603,251.98,44.33,7.25,1894.25,0.1304,203.3,21.41,2.11,1738.78,0.1532
ami,TS3003d,G1-A NeMo MarbleNet+TitaNet+spectral,4,5,0.3498,439.09,225.39,59.73,2070.34,0.3053,342.38,158.56,33.81,1751.83,0.3166
ami,TS3003d,G1-B MarbleNet VAD + VBx,4,5,0.3627,439.09,225.39,86.33,2070.34,0.3143,342.38,158.56,49.63,1751.83,0.3332
ami,TS3003d,G2-A pyannote community-1,4,4,0.2108,245.45,97.07,93.83,2070.34,0.1616,170.65,52.77,59.68,1751.83,0.26
ami,TS3003d,G2-B NeMo diar_msdd_telephonic,4,5,0.3307,438.45,176.15,69.97,2070.34,0.2837,343.14,111.72,42.17,1751.83,0.3159
ami,TS3003d,G3-A nvidia/diar_streaming_sortformer_4spk-v2.1,4,4,0.3374,644.34,23.52,30.76,2070.34,0.3117,521.52,6.47,17.99,1751.83,0.3373
ami,TS3003d,G4-A OpenMOSS-Team/MOSS-Transcribe-Diarize,4,4,0.2471,456.83,39.05,15.79,2070.34,0.2037,338.88,12.16,5.82,1751.83,0.2567
bangor_miami_eng,herring01,G1-A NeMo MarbleNet+TitaNet+spectral,2,2,0.358,481.34,101.15,61.11,1797.99,0.3143,363.24,70.59,39.38,1505.67,0.3609
bangor_miami_eng,herring01,G1-B MarbleNet VAD + VBx,2,3,0.3848,481.34,101.15,109.37,1797.99,0.3388,363.24,70.59,76.25,1505.67,0.3609
bangor_miami_eng,herring01,G2-A pyannote community-1,2,3,0.2881,168.6,203.03,146.46,1797.99,0.2382,102.5,150.49,105.71,1505.67,0.2267
bangor_miami_eng,herring01,G2-B NeMo diar_msdd_telephonic,2,2,0.4879,822.06,21.34,33.86,1797.99,0.4481,640.07,11.61,23.0,1505.67,0.4934
bangor_miami_eng,herring01,G3-A nvidia/diar_streaming_sortformer_4spk-v2.1,2,3,0.1955,301.51,30.79,19.28,1797.99,0.1376,193.09,5.99,8.06,1505.67,0.2007
bangor_miami_eng,herring01,G4-A OpenMOSS-Team/MOSS-Transcribe-Diarize,2,2,0.2229,332.58,49.15,19.12,1797.99,0.17,217.11,29.67,9.12,1505.67,0.2113
bangor_miami_eng,herring06,G1-A NeMo MarbleNet+TitaNet+spectral,2,3,0.423,610.38,16.3,88.06,1689.66,0.4088,559.49,10.87,73.46,1574.75,0.4118
bangor_miami_eng,herring06,G1-B MarbleNet VAD + VBx,2,3,0.4253,610.38,16.3,91.93,1689.66,0.4102,559.49,10.87,75.61,1574.75,0.4211
bangor_miami_eng,herring06,G2-A pyannote community-1,2,2,0.3148,499.34,13.97,18.67,1689.66,0.3019,455.71,6.34,13.3,1574.75,0.311
bangor_miami_eng,herring06,G2-B NeMo diar_msdd_telephonic,2,2,0.5394,894.75,4.41,12.3,1689.66,0.5311,828.77,1.42,6.16,1574.75,0.5046
bangor_miami_eng,herring06,G3-A nvidia/diar_streaming_sortformer_4spk-v2.1,2,4,0.3629,578.56,8.58,26.06,1689.66,0.3478,525.05,3.35,19.32,1574.75,0.3628
bangor_miami_eng,herring06,G4-A OpenMOSS-Team/MOSS-Transcribe-Diarize,2,2,0.2467,378.99,16.04,21.89,1689.66,0.2267,341.28,7.28,8.47,1574.75,0.2561
bangor_miami_eng,herring07,G1-A NeMo MarbleNet+TitaNet+spectral,2,2,0.259,267.16,47.21,55.11,1426.77,0.2004,187.8,23.77,25.99,1185.24,0.2833
bangor_miami_eng,herring07,G1-B MarbleNet VAD + VBx,2,3,0.2877,267.16,47.21,96.09,1426.77,0.2274,187.8,23.77,57.89,1185.24,0.3214
bangor_miami_eng,herring07,G2-A pyannote community-1,2,2,0.2884,230.99,40.46,140.08,1426.77,0.2366,159.44,13.15,107.9,1185.24,0.3513
bangor_miami_eng,herring07,G2-B NeMo diar_msdd_telephonic,2,2,0.306,375.01,30.71,30.89,1426.77,0.249,271.01,10.42,13.73,1185.24,0.3185
bangor_miami_eng,herring07,G3-A nvidia/diar_streaming_sortformer_4spk-v2.1,2,3,0.2291,288.84,27.75,10.24,1426.77,0.1709,189.45,8.65,4.42,1185.24,0.2238
bangor_miami_eng,herring07,G4-A OpenMOSS-Team/MOSS-Transcribe-Diarize,2,2,0.2252,254.65,50.06,16.58,1426.77,0.1629,156.31,31.61,5.19,1185.24,0.2128
bangor_miami_eng,herring08,G1-A NeMo MarbleNet+TitaNet+spectral,4,3,0.377,291.03,100.57,52.09,1176.83,0.3403,220.06,84.32,37.21,1003.74,0.6626
bangor_miami_eng,herring08,G1-B MarbleNet VAD + VBx,4,3,0.4011,291.03,100.57,80.43,1176.83,0.3637,220.06,84.32,60.7,1003.74,0.6784
bangor_miami_eng,herring08,G2-A pyannote community-1,4,3,0.2909,248.78,65.3,28.26,1176.83,0.2427,171.65,51.48,20.47,1003.74,0.6253
bangor_miami_eng,herring08,G2-B NeMo diar_msdd_telephonic,4,2,0.3688,383.75,38.53,11.73,1176.83,0.3263,288.48,32.67,6.41,1003.74,0.6768
bangor_miami_eng,herring08,G3-A nvidia/diar_streaming_sortformer_4spk-v2.1,4,4,0.4161,327.84,46.89,114.95,1176.83,0.3714,231.0,39.47,102.32,1003.74,0.6917
bangor_miami_eng,herring08,G4-A OpenMOSS-Team/MOSS-Transcribe-Diarize,4,3,0.3017,271.98,70.84,12.25,1176.83,0.2633,215.75,46.01,2.49,1003.74,0.6409
bangor_miami_eng,herring09,G1-A NeMo MarbleNet+TitaNet+spectral,2,3,0.2999,403.6,103.1,95.14,2006.84,0.2469,292.61,62.36,57.3,1669.44,0.2841
bangor_miami_eng,herring09,G1-B MarbleNet VAD + VBx,2,5,0.5099,403.59,103.09,516.61,2006.84,0.4673,292.6,62.36,425.09,1669.44,0.4734
bangor_miami_eng,herring09,G2-A pyannote community-1,2,3,0.219,337.21,62.39,39.88,2006.84,0.1634,217.29,28.73,26.68,1669.44,0.2135
bangor_miami_eng,herring09,G2-B NeMo diar_msdd_telephonic,2,2,0.4691,919.43,8.0,14.06,2006.84,0.4258,701.77,1.9,7.22,1669.44,0.4779
bangor_miami_eng,herring09,G3-A nvidia/diar_streaming_sortformer_4spk-v2.1,2,4,0.2875,437.77,25.97,113.19,2006.84,0.2307,278.75,7.45,98.91,1669.44,0.2781
bangor_miami_eng,herring09,G4-A OpenMOSS-Team/MOSS-Transcribe-Diarize,2,2,0.2257,396.01,40.31,16.6,2006.84,0.1741,282.68,3.78,4.12,1669.44,0.2262
bangor_miami_eng,herring10,G1-A NeMo MarbleNet+TitaNet+spectral,2,3,0.5285,810.09,8.46,179.59,1888.6,0.5216,731.5,4.91,158.73,1716.0,0.5587
bangor_miami_eng,herring10,G1-B MarbleNet VAD + VBx,2,3,0.5452,810.09,8.46,211.16,1888.6,0.5381,731.5,4.91,186.89,1716.0,0.5762
bangor_miami_eng,herring10,G2-A pyannote community-1,2,4,0.5325,754.67,33.96,216.96,1888.6,0.5246,686.38,25.31,188.59,1716.0,0.5687
bangor_miami_eng,herring10,G2-B NeMo diar_msdd_telephonic,2,2,0.6565,1201.35,8.44,30.03,1888.6,0.6499,1087.73,5.31,22.28,1716.0,0.6791
bangor_miami_eng,herring10,G3-A nvidia/diar_streaming_sortformer_4spk-v2.1,2,4,0.5171,887.99,28.11,60.46,1888.6,0.506,793.79,21.26,53.16,1716.0,0.5212
bangor_miami_eng,herring10,G4-A OpenMOSS-Team/MOSS-Transcribe-Diarize,2,3,0.5339,890.35,5.54,112.42,1888.6,0.5281,806.58,3.05,96.65,1716.0,0.5735
bangor_miami_eng,herring13,G1-A NeMo MarbleNet+TitaNet+spectral,2,3,0.5133,442.03,101.68,98.79,1251.72,0.4895,351.47,82.99,73.84,1038.49,0.4626
bangor_miami_eng,herring13,G1-B MarbleNet VAD + VBx,2,3,0.5403,442.03,101.68,132.65,1251.72,0.5163,351.47,82.99,101.69,1038.49,0.4858
bangor_miami_eng,herring13,G2-A pyannote community-1,2,3,0.4925,371.19,116.6,128.67,1251.72,0.467,292.48,89.29,103.2,1038.49,0.4559
bangor_miami_eng,herring13,G2-B NeMo diar_msdd_telephonic,2,3,0.6846,819.16,20.12,17.62,1251.72,0.6693,669.71,14.28,11.1,1038.49,0.6555
bangor_miami_eng,herring13,G3-A nvidia/diar_streaming_sortformer_4spk-v2.1,2,4,0.6617,525.62,48.41,254.23,1251.72,0.6538,418.95,31.14,228.88,1038.49,0.6085
bangor_miami_eng,herring13,G4-A OpenMOSS-Team/MOSS-Transcribe-Diarize,2,3,0.4413,460.36,36.33,55.7,1251.72,0.4058,358.87,21.33,41.26,1038.49,0.4309
bangor_miami_eng,herring15,G1-A NeMo MarbleNet+TitaNet+spectral,2,3,0.3734,618.54,7.95,83.38,1901.27,0.3525,541.68,3.13,61.0,1718.5,0.3659
bangor_miami_eng,herring15,G1-B MarbleNet VAD + VBx,2,3,0.3734,618.54,7.95,83.54,1901.27,0.352,541.68,3.13,60.19,1718.5,0.3693
bangor_miami_eng,herring15,G2-A pyannote community-1,2,2,0.1918,303.62,29.34,31.65,1901.27,0.1648,250.58,12.31,20.34,1718.5,0.2064
bangor_miami_eng,herring15,G2-B NeMo diar_msdd_telephonic,2,2,0.5804,1073.72,3.33,26.5,1901.27,0.5735,968.72,1.15,15.65,1718.5,0.5134
bangor_miami_eng,herring15,G3-A nvidia/diar_streaming_sortformer_4spk-v2.1,2,3,0.1869,311.98,31.59,11.71,1901.27,0.16,254.75,15.14,5.06,1718.5,0.1987
bangor_miami_eng,herring15,G4-A OpenMOSS-Team/MOSS-Transcribe-Diarize,2,2,0.2219,392.37,10.23,19.27,1901.27,0.1852,308.22,3.92,6.2,1718.5,0.2422
bangor_miami_eng,herring16,G1-A NeMo MarbleNet+TitaNet+spectral,2,5,0.7404,938.0,66.47,159.8,1572.39,0.733,864.8,62.99,145.51,1464.23,0.7054
bangor_miami_eng,herring16,G1-B MarbleNet VAD + VBx,2,1,0.8036,938.0,66.47,259.09,1572.39,0.8013,864.8,62.99,245.42,1464.23,0.8502
bangor_miami_eng,herring16,G2-A pyannote community-1,2,2,0.5831,758.65,26.44,131.7,1572.39,0.5735,700.11,23.39,116.29,1464.23,0.6046
bangor_miami_eng,herring16,G2-B NeMo diar_msdd_telephonic,2,2,0.7207,1097.25,6.38,29.57,1572.39,0.7109,1010.07,4.76,26.04,1464.23,0.7195
bangor_miami_eng,herring16,G3-A nvidia/diar_streaming_sortformer_4spk-v2.1,2,4,0.6392,892.27,13.64,99.18,1572.39,0.6255,813.8,11.57,90.53,1464.23,0.6422
bangor_miami_eng,herring16,G4-A OpenMOSS-Team/MOSS-Transcribe-Diarize,2,2,0.584,861.55,11.47,45.18,1572.39,0.5704,785.56,9.8,39.78,1464.23,0.5888
bangor_miami_eng,herring17,G1-A NeMo MarbleNet+TitaNet+spectral,2,2,0.2907,470.03,36.65,47.81,1907.22,0.238,329.82,16.64,19.96,1539.75,0.3026
bangor_miami_eng,herring17,G1-B MarbleNet VAD + VBx,2,2,0.307,470.03,36.65,78.9,1907.22,0.2513,329.82,16.64,40.44,1539.75,0.3305
bangor_miami_eng,herring17,G2-A pyannote community-1,2,2,0.1696,175.95,88.27,59.23,1907.22,0.1144,97.96,38.07,40.1,1539.75,0.1898
bangor_miami_eng,herring17,G2-B NeMo diar_msdd_telephonic,2,2,0.281,468.61,39.58,27.74,1907.22,0.2255,321.29,15.49,10.45,1539.75,0.2872
bangor_miami_eng,herring17,G3-A nvidia/diar_streaming_sortformer_4spk-v2.1,2,4,0.1667,225.97,61.93,30.08,1907.22,0.1062,126.33,21.75,15.42,1539.75,0.1709
bangor_miami_eng,herring17,G4-A OpenMOSS-Team/MOSS-Transcribe-Diarize,2,3,0.3019,380.95,53.2,141.62,1907.22,0.2457,232.73,32.23,113.28,1539.75,0.3032
bangor_miami_eng,sastre03,G1-A NeMo MarbleNet+TitaNet+spectral,3,2,0.4545,737.09,195.4,170.28,2426.45,0.4259,587.19,169.02,132.94,2087.58,0.6071
bangor_miami_eng,sastre03,G1-B MarbleNet VAD + VBx,3,4,0.5096,737.09,195.4,304.04,2426.45,0.4822,587.19,169.02,250.39,2087.58,0.5809
bangor_miami_eng,sastre03,G2-A pyannote community-1,3,4,0.4093,381.15,412.63,199.28,2426.45,0.3765,270.3,362.64,153.01,2087.58,0.3711
bangor_miami_eng,sastre03,G2-B NeMo diar_msdd_telephonic,3,4,0.6428,1455.08,29.39,75.33,2426.45,0.6187,1210.22,21.77,59.51,2087.58,0.6902
bangor_miami_eng,sastre03,G3-A nvidia/diar_streaming_sortformer_4spk-v2.1,3,4,0.3113,576.21,124.25,54.91,2426.45,0.2671,416.89,101.9,38.76,2087.58,0.3577
bangor_miami_eng,sastre03,G4-A OpenMOSS-Team/MOSS-Transcribe-Diarize,3,4,0.9714,2351.93,2.03,3.17,2426.45,0.9694,2019.76,1.46,2.51,2087.58,0.9687
bangor_miami_eng,sastre04,G1-A NeMo MarbleNet+TitaNet+spectral,2,4,0.4212,670.66,31.06,127.39,1968.25,0.3853,525.53,16.77,94.72,1653.12,0.4296
bangor_miami_eng,sastre04,G1-B MarbleNet VAD + VBx,2,3,0.4328,670.66,31.06,150.1,1968.25,0.3971,525.53,16.77,114.1,1653.12,0.4538
bangor_miami_eng,sastre04,G2-A pyannote community-1,2,2,0.3691,516.06,33.84,176.57,1968.25,0.3334,392.57,13.13,145.51,1653.12,0.4194
bangor_miami_eng,sastre04,G2-B NeMo diar_msdd_telephonic,2,2,0.5483,1039.46,13.56,26.24,1968.25,0.5161,829.95,6.48,16.73,1653.12,0.5537
bangor_miami_eng,sastre04,G3-A nvidia/diar_streaming_sortformer_4spk-v2.1,2,4,0.4024,634.5,29.43,128.13,1968.25,0.3601,473.98,13.56,107.79,1653.12,0.4071
bangor_miami_eng,sastre04,G4-A OpenMOSS-Team/MOSS-Transcribe-Diarize,2,2,0.4248,773.22,18.75,44.14,1968.25,0.3846,606.15,3.98,25.63,1653.12,0.4323
bangor_miami_eng,sastre06,G1-A NeMo MarbleNet+TitaNet+spectral,2,2,0.2394,418.45,15.65,22.47,1907.55,0.2179,356.49,10.6,10.06,1730.81,0.2776
bangor_miami_eng,sastre06,G1-B MarbleNet VAD + VBx,2,2,0.249,418.45,15.65,40.81,1907.55,0.225,356.49,10.6,22.37,1730.81,0.2973
bangor_miami_eng,sastre06,G2-A pyannote community-1,2,2,0.1383,202.21,44.31,17.32,1907.55,0.1131,156.28,26.49,13.0,1730.81,0.1515
bangor_miami_eng,sastre06,G2-B NeMo diar_msdd_telephonic,2,2,0.2785,503.03,15.91,12.4,1907.55,0.2555,428.7,9.02,4.54,1730.81,0.3181
bangor_miami_eng,sastre06,G3-A nvidia/diar_streaming_sortformer_4spk-v2.1,2,4,0.1943,306.35,42.52,21.67,1907.55,0.1701,246.4,31.41,16.52,1730.81,0.1756
bangor_miami_eng,sastre06,G4-A OpenMOSS-Team/MOSS-Transcribe-Diarize,2,2,0.176,300.19,20.5,15.13,1907.55,0.1524,247.65,11.57,4.57,1730.81,0.2152
bangor_miami_eng,sastre07,G1-A NeMo MarbleNet+TitaNet+spectral,2,3,0.5036,758.7,71.13,130.41,1906.61,0.486,647.46,61.13,99.68,1663.05,0.4971
bangor_miami_eng,sastre07,G1-B MarbleNet VAD + VBx,2,3,0.531,758.7,71.13,182.54,1906.61,0.515,647.46,61.13,147.81,1663.04,0.5365
bangor_miami_eng,sastre07,G2-A pyannote community-1,2,3,0.472,553.71,114.74,231.43,1906.61,0.4542,468.6,92.7,193.99,1663.04,0.4856
bangor_miami_eng,sastre07,G2-B NeMo diar_msdd_telephonic,2,2,0.6899,1273.07,12.83,29.49,1906.61,0.6742,1092.52,8.27,20.52,1663.05,0.6898
bangor_miami_eng,sastre07,G3-A nvidia/diar_streaming_sortformer_4spk-v2.1,2,4,0.6365,751.26,68.89,393.4,1906.61,0.6171,621.7,56.75,347.78,1663.04,0.6174
bangor_miami_eng,sastre07,G4-A OpenMOSS-Team/MOSS-Transcribe-Diarize,2,3,0.4758,805.1,42.3,59.74,1906.61,0.4575,683.68,34.66,42.57,1663.04,0.472
bangor_miami_eng,sastre08,G1-A NeMo MarbleNet+TitaNet+spectral,2,2,0.2551,454.77,25.49,55.09,2098.4,0.2055,329.72,10.57,26.81,1786.23,0.276
bangor_miami_eng,sastre08,G1-B MarbleNet VAD + VBx,2,2,0.2756,454.77,25.49,98.06,2098.4,0.2251,329.72,10.57,61.86,1786.23,0.3086
bangor_miami_eng,sastre08,G2-A pyannote community-1,2,2,0.2589,324.87,33.71,184.65,2098.4,0.2147,215.89,15.53,152.08,1786.23,0.3199
bangor_miami_eng,sastre08,G2-B NeMo diar_msdd_telephonic,2,2,0.3309,643.58,24.32,26.46,2098.4,0.2819,479.83,9.87,13.8,1786.23,0.3419
bangor_miami_eng,sastre08,G3-A nvidia/diar_streaming_sortformer_4spk-v2.1,2,3,0.288,373.92,37.92,192.6,2098.4,0.2389,249.02,17.37,160.3,1786.23,0.31
bangor_miami_eng,sastre08,G4-A OpenMOSS-Team/MOSS-Transcribe-Diarize,2,2,0.2287,437.14,21.08,21.59,2098.4,0.1739,303.13,2.98,4.53,1786.23,0.2428
bangor_miami_eng,sastre09,G1-A NeMo MarbleNet+TitaNet+spectral,2,2,0.3757,595.97,48.82,382.44,2734.27,0.346,443.53,20.09,317.21,2256.84,0.445
bangor_miami_eng,sastre09,G1-B MarbleNet VAD + VBx,2,2,0.3856,595.97,48.82,409.49,2734.27,0.3544,443.53,20.09,336.1,2256.84,0.4582
bangor_miami_eng,sastre09,G2-A pyannote community-1,2,2,0.3376,393.71,89.69,439.7,2734.27,0.3075,276.89,40.38,376.72,2256.84,0.4179
bangor_miami_eng,sastre09,G2-B NeMo diar_msdd_telephonic,2,2,0.3858,639.15,77.83,337.96,2734.27,0.3542,475.21,30.44,293.65,2256.84,0.4417
bangor_miami_eng,sastre09,G3-A nvidia/diar_streaming_sortformer_4spk-v2.1,2,3,0.3221,484.75,70.72,325.2,2734.27,0.2899,330.07,35.8,288.37,2256.84,0.3847
bangor_miami_eng,sastre09,G4-A OpenMOSS-Team/MOSS-Transcribe-Diarize,2,2,0.4456,786.11,90.76,341.46,2734.27,0.4158,590.41,54.99,293.03,2256.84,0.4847
bangor_miami_eng,sastre10,G1-A NeMo MarbleNet+TitaNet+spectral,2,2,0.3305,768.57,13.54,100.39,2670.51,0.2972,594.5,7.74,55.9,2214.6,0.3544
bangor_miami_eng,sastre10,G1-B MarbleNet VAD + VBx,2,2,0.3563,768.57,13.54,169.5,2670.51,0.3229,594.5,7.74,112.86,2214.6,0.3936
bangor_miami_eng,sastre10,G2-A pyannote community-1,2,3,0.2894,385.06,98.02,289.87,2670.51,0.2617,293.07,50.36,236.08,2214.6,0.3417
bangor_miami_eng,sastre10,G2-B NeMo diar_msdd_telephonic,2,2,0.415,1005.2,49.25,53.85,2670.51,0.3851,796.5,28.01,28.42,2214.6,0.4202
bangor_miami_eng,sastre10,G3-A nvidia/diar_streaming_sortformer_4spk-v2.1,2,4,0.4583,516.73,58.57,648.58,2670.51,0.4367,381.46,29.25,556.45,2214.6,0.429
bangor_miami_eng,sastre10,G4-A OpenMOSS-Team/MOSS-Transcribe-Diarize,2,4,0.4626,980.56,44.83,209.99,2670.51,0.4271,741.14,34.78,169.88,2214.6,0.491
bangor_miami_eng,sastre11,G1-A NeMo MarbleNet+TitaNet+spectral,2,3,0.2558,473.43,81.1,72.73,2452.58,0.2155,367.25,51.06,48.85,2168.01,0.2735
bangor_miami_eng,sastre11,G1-B MarbleNet VAD + VBx,2,5,0.2963,473.43,81.1,172.11,2452.58,0.2557,367.25,51.06,135.95,2168.01,0.3149
bangor_miami_eng,sastre11,G2-A pyannote community-1,2,2,0.2205,463.8,46.76,30.18,2452.58,0.1806,345.81,26.18,19.46,2168.01,0.2557
bangor_miami_eng,sastre11,G2-B NeMo diar_msdd_telephonic,2,2,0.3444,800.8,24.13,19.7,2452.58,0.3067,641.8,13.33,9.85,2168.01,0.3636
bangor_miami_eng,sastre11,G3-A nvidia/diar_streaming_sortformer_4spk-v2.1,2,4,0.2761,632.28,34.66,10.3,2452.58,0.2337,475.99,23.93,6.85,2168.01,0.2933
bangor_miami_eng,sastre11,G4-A OpenMOSS-Team/MOSS-Transcribe-Diarize,2,2,0.2423,542.71,36.48,14.94,2452.58,0.1989,415.76,11.36,4.09,2168.01,0.2788
bangor_miami_eng,sastre12,G1-A NeMo MarbleNet+TitaNet+spectral,2,2,0.3233,551.72,32.93,56.95,1984.29,0.2877,430.76,14.64,36.23,1674.14,0.3373
bangor_miami_eng,sastre12,G1-B MarbleNet VAD + VBx,2,2,0.3376,551.79,32.91,85.12,1984.29,0.3005,430.76,14.64,57.75,1674.14,0.3595
bangor_miami_eng,sastre12,G2-A pyannote community-1,2,2,0.2285,287.41,63.72,102.22,1984.29,0.1921,216.19,28.02,77.41,1674.14,0.2602
bangor_miami_eng,sastre12,G2-B NeMo diar_msdd_telephonic,2,2,0.4785,890.74,25.3,33.52,1984.29,0.4505,718.99,12.75,22.48,1674.14,0.4819
bangor_miami_eng,sastre12,G3-A nvidia/diar_streaming_sortformer_4spk-v2.1,2,4,0.271,285.67,63.06,188.93,1984.29,0.2322,212.46,27.06,149.15,1674.14,0.2791
bangor_miami_eng,sastre12,G4-A OpenMOSS-Team/MOSS-Transcribe-Diarize,2,2,0.3107,545.78,43.26,27.56,1984.29,0.2654,415.58,16.64,12.17,1674.14,0.3141
bangor_miami_eng,sastre13,G1-A NeMo MarbleNet+TitaNet+spectral,2,2,0.237,406.32,3.53,58.41,1975.95,0.2025,316.25,1.22,29.94,1715.86,0.2825
bangor_miami_eng,sastre13,G1-B MarbleNet VAD + VBx,2,2,0.2514,406.32,3.53,86.92,1975.95,0.2165,316.25,1.22,54.08,1715.86,0.3062
bangor_miami_eng,sastre13,G2-A pyannote community-1,2,3,0.1857,278.79,50.53,37.71,1975.95,0.1552,218.74,24.45,23.17,1715.86,0.1999
bangor_miami_eng,sastre13,G2-B NeMo diar_msdd_telephonic,2,2,0.3788,716.75,12.5,19.27,1975.95,0.3501,588.94,4.9,6.83,1715.86,0.4184
bangor_miami_eng,sastre13,G3-A nvidia/diar_streaming_sortformer_4spk-v2.1,2,3,0.1943,356.19,18.78,9.0,1975.95,0.1621,268.87,6.68,2.62,1715.86,0.2014
bangor_miami_eng,sastre13,G4-A OpenMOSS-Team/MOSS-Transcribe-Diarize,2,2,0.245,466.04,2.44,15.73,1975.95,0.1979,334.71,0.55,4.33,1715.86,0.2713
bangor_miami_eng,zeledon02,G1-A NeMo MarbleNet+TitaNet+spectral,2,3,0.3965,696.9,3.37,83.25,1976.31,0.3687,573.19,1.67,48.55,1690.76,0.4153
bangor_miami_eng,zeledon02,G1-B MarbleNet VAD + VBx,2,3,0.406,696.9,3.37,102.19,1976.31,0.3778,573.19,1.67,63.93,1690.75,0.4327
bangor_miami_eng,zeledon02,G2-A pyannote community-1,2,2,0.2631,445.99,49.03,24.94,1976.31,0.2348,366.0,19.68,11.23,1690.75,0.2688
bangor_miami_eng,zeledon02,G2-B NeMo diar_msdd_telephonic,2,2,0.6695,1306.42,2.3,14.41,1976.31,0.6516,1095.4,0.97,5.33,1690.76,0.6625
bangor_miami_eng,zeledon02,G3-A nvidia/diar_streaming_sortformer_4spk-v2.1,2,4,0.259,443.77,43.94,24.17,1976.31,0.2264,356.05,17.97,8.84,1690.75,0.2635
bangor_miami_eng,zeledon02,G4-A OpenMOSS-Team/MOSS-Transcribe-Diarize,2,2,0.2919,536.93,6.72,33.25,1976.31,0.2595,427.88,3.53,7.38,1690.76,0.312
bangor_miami_eng,zeledon03,G1-A NeMo MarbleNet+TitaNet+spectral,2,3,0.3019,474.57,11.65,86.41,1896.7,0.2746,402.57,9.17,63.53,1730.56,0.3109
bangor_miami_eng,zeledon03,G1-B MarbleNet VAD + VBx,2,3,0.3178,474.57,11.65,116.56,1896.69,0.2902,402.57,9.17,90.51,1730.56,0.3388
bangor_miami_eng,zeledon03,G2-A pyannote community-1,2,2,0.2418,290.95,21.46,146.14,1896.69,0.2189,245.82,11.47,121.55,1730.56,0.3088
bangor_miami_eng,zeledon03,G2-B NeMo diar_msdd_telephonic,2,2,0.3987,727.34,15.2,13.75,1896.7,0.3738,631.5,9.51,5.9,1730.56,0.3983
bangor_miami_eng,zeledon03,G3-A nvidia/diar_streaming_sortformer_4spk-v2.1,2,4,0.3525,582.97,18.35,67.29,1896.69,0.3266,496.92,10.71,57.52,1730.56,0.3578
bangor_miami_eng,zeledon03,G4-A OpenMOSS-Team/MOSS-Transcribe-Diarize,2,2,0.3148,569.6,7.61,19.79,1896.69,0.2816,477.2,5.2,4.96,1730.56,0.3372
bangor_miami_eng,zeledon04,G1-A NeMo MarbleNet+TitaNet+spectral,2,3,0.3913,535.14,17.34,64.91,1577.81,0.3658,439.48,10.48,38.91,1336.39,0.4054
bangor_miami_eng,zeledon04,G1-B MarbleNet VAD + VBx,2,3,0.4131,535.14,17.34,99.38,1577.81,0.3874,439.48,10.48,67.75,1336.39,0.4377
bangor_miami_eng,zeledon04,G2-A pyannote community-1,2,2,0.3583,437.28,32.87,95.16,1577.81,0.3297,350.11,18.07,72.48,1336.39,0.3873
bangor_miami_eng,zeledon04,G2-B NeMo diar_msdd_telephonic,2,2,0.4213,603.63,32.66,28.51,1577.81,0.393,491.71,17.82,15.73,1336.39,0.4227
bangor_miami_eng,zeledon04,G3-A nvidia/diar_streaming_sortformer_4spk-v2.1,2,4,0.3517,497.67,31.7,25.54,1577.81,0.3198,391.56,18.94,16.83,1336.39,0.3478
bangor_miami_eng,zeledon04,G4-A OpenMOSS-Team/MOSS-Transcribe-Diarize,2,2,0.3424,488.31,16.71,35.16,1577.81,0.32,409.36,8.67,9.67,1336.39,0.3527
bangor_miami_eng,zeledon06,G1-A NeMo MarbleNet+TitaNet+spectral,2,2,0.3206,565.28,19.6,54.63,1994.58,0.2901,463.86,9.1,32.8,1743.66,0.3459
bangor_miami_eng,zeledon06,G1-B MarbleNet VAD + VBx,2,2,0.3322,565.28,19.6,77.73,1994.58,0.3006,463.86,9.1,51.27,1743.66,0.3656
bangor_miami_eng,zeledon06,G2-A pyannote community-1,2,2,0.2717,375.37,45.35,121.15,1994.58,0.2416,299.69,25.68,95.86,1743.66,0.3202
bangor_miami_eng,zeledon06,G2-B NeMo diar_msdd_telephonic,2,2,0.4945,945.07,17.46,23.8,1994.58,0.4682,792.66,9.51,14.15,1743.66,0.514
bangor_miami_eng,zeledon06,G3-A nvidia/diar_streaming_sortformer_4spk-v2.1,2,4,0.277,479.92,31.58,41.07,1994.58,0.241,373.17,16.63,30.36,1743.66,0.2922
bangor_miami_eng,zeledon06,G4-A OpenMOSS-Team/MOSS-Transcribe-Diarize,2,3,0.2898,492.33,51.21,34.45,1994.58,0.2587,396.38,35.69,19.1,1743.66,0.2934
bangor_miami_eng,zeledon08,G1-A NeMo MarbleNet+TitaNet+spectral,2,4,0.3842,836.93,49.51,121.63,2623.68,0.3483,642.94,25.73,75.2,2135.6,0.3999
bangor_miami_eng,zeledon08,G1-B MarbleNet VAD + VBx,2,3,0.4116,836.92,49.51,193.44,2623.68,0.375,642.94,25.73,132.19,2135.6,0.4329
bangor_miami_eng,zeledon08,G2-A pyannote community-1,2,3,0.2875,483.13,85.3,185.87,2623.68,0.2479,351.74,35.27,142.5,2135.6,0.3219
bangor_miami_eng,zeledon08,G2-B NeMo diar_msdd_telephonic,2,3,0.4611,1070.76,57.06,81.83,2623.68,0.4277,827.55,31.48,54.32,2135.6,0.4638
bangor_miami_eng,zeledon08,G3-A nvidia/diar_streaming_sortformer_4spk-v2.1,2,4,0.2025,372.08,116.89,42.39,2623.68,0.1568,256.78,53.33,24.74,2135.6,0.2015
bangor_miami_eng,zeledon08,G4-A OpenMOSS-Team/MOSS-Transcribe-Diarize,2,6,0.6811,1127.77,58.67,600.44,2623.68,0.6596,876.49,35.7,496.56,2135.6,0.6526
bangor_miami_eng,zeledon09,G1-A NeMo MarbleNet+TitaNet+spectral,2,3,0.27,455.57,7.33,61.42,1941.96,0.2495,401.23,5.75,43.3,1804.68,0.2858
bangor_miami_eng,zeledon09,G1-B MarbleNet VAD + VBx,2,2,0.271,455.57,7.33,63.39,1941.96,0.2499,401.23,5.75,44.07,1804.68,0.2932
bangor_miami_eng,zeledon09,G2-A pyannote community-1,2,2,0.222,289.05,14.84,127.28,1941.96,0.2006,241.99,9.29,110.74,1804.68,0.2693
bangor_miami_eng,zeledon09,G2-B NeMo diar_msdd_telephonic,2,2,0.419,776.09,10.91,26.6,1941.96,0.4,695.38,6.89,19.52,1804.68,0.4259
bangor_miami_eng,zeledon09,G3-A nvidia/diar_streaming_sortformer_4spk-v2.1,2,4,0.2214,398.87,13.01,18.08,1941.96,0.1959,331.9,8.8,12.78,1804.68,0.2238
bangor_miami_eng,zeledon09,G4-A OpenMOSS-Team/MOSS-Transcribe-Diarize,2,2,0.1398,220.05,6.16,45.23,1941.96,0.1177,179.41,3.86,29.11,1804.68,0.1593
bangor_miami_eng,zeledon11,G1-A NeMo MarbleNet+TitaNet+spectral,2,3,0.324,449.74,15.42,166.31,1948.91,0.3022,383.92,12.57,137.61,1767.18,0.3388
bangor_miami_eng,zeledon11,G1-B MarbleNet VAD + VBx,2,3,0.3142,449.74,15.42,147.24,1948.91,0.2915,383.92,12.57,118.6,1767.18,0.3334
bangor_miami_eng,zeledon11,G2-A pyannote community-1,2,3,0.3167,497.92,26.13,93.26,1948.91,0.296,428.56,18.98,75.55,1767.18,0.3406
bangor_miami_eng,zeledon11,G2-B NeMo diar_msdd_telephonic,2,2,0.445,835.77,11.54,20.04,1948.91,0.425,732.91,6.85,11.31,1767.18,0.4507
bangor_miami_eng,zeledon11,G3-A nvidia/diar_streaming_sortformer_4spk-v2.1,2,4,0.3572,580.63,23.64,91.82,1948.91,0.3358,494.57,17.69,81.18,1767.18,0.3605
bangor_miami_eng,zeledon11,G4-A OpenMOSS-Team/MOSS-Transcribe-Diarize,2,2,0.2528,460.7,14.46,17.44,1948.91,0.227,386.51,8.11,6.49,1767.18,0.2592
bangor_miami_eng,zeledon13,G1-A NeMo MarbleNet+TitaNet+spectral,2,2,0.2278,431.08,3.46,60.9,2174.48,0.1987,348.05,1.47,34.51,1932.41,0.253
bangor_miami_eng,zeledon13,G1-B MarbleNet VAD + VBx,2,2,0.2403,431.08,3.46,87.93,2174.48,0.2092,348.05,1.47,54.78,1932.41,0.2771
bangor_miami_eng,zeledon13,G2-A pyannote community-1,2,3,0.2088,264.59,47.51,142.02,2174.48,0.1815,210.11,25.3,115.27,1932.41,0.2513
bangor_miami_eng,zeledon13,G2-B NeMo diar_msdd_telephonic,2,2,0.3242,653.58,17.79,33.69,2174.48,0.2965,546.29,7.39,19.26,1932.41,0.3385
bangor_miami_eng,zeledon13,G3-A nvidia/diar_streaming_sortformer_4spk-v2.1,2,4,0.2728,387.46,38.49,167.19,2174.48,0.2451,304.26,25.62,143.67,1932.41,0.2646
bangor_miami_eng,zeledon13,G4-A OpenMOSS-Team/MOSS-Transcribe-Diarize,2,2,0.2813,590.76,3.07,17.75,2174.48,0.2367,450.09,0.93,6.43,1932.41,0.2975
playlogue,ew_42ec_11023,G1-A NeMo MarbleNet+TitaNet+spectral,2,2,0.7125,215.05,105.42,71.79,550.56,0.7135,199.44,84.68,66.04,490.8,0.7331
playlogue,ew_42ec_11023,G1-B MarbleNet VAD + VBx,2,2,0.6979,215.05,105.42,63.75,550.56,0.6974,199.44,84.68,58.17,490.8,0.7099
playlogue,ew_42ec_11023,G2-A pyannote community-1,2,2,0.5543,245.45,41.28,18.43,550.56,0.5479,234.96,20.91,13.02,490.8,0.6291
playlogue,ew_42ec_11023,G2-B NeMo diar_msdd_telephonic,2,2,0.6769,350.3,15.03,7.36,550.56,0.6724,316.06,7.85,6.11,490.8,0.7973
playlogue,ew_42ec_11023,G3-A nvidia/diar_streaming_sortformer_4spk-v2.1,2,4,0.5446,254.16,39.18,6.48,550.56,0.5366,239.95,19.95,3.45,490.8,0.5911
playlogue,ew_42ec_11023,G4-A OpenMOSS-Team/MOSS-Transcribe-Diarize,2,2,0.5191,225.68,51.97,8.17,550.56,0.5101,219.88,26.15,4.3,490.8,0.57
playlogue,ew_42ec_12007,G1-A NeMo MarbleNet+TitaNet+spectral,2,3,0.5685,230.71,77.78,59.69,647.6,0.5343,198.77,44.31,45.02,539.2,0.56
playlogue,ew_42ec_12007,G1-B MarbleNet VAD + VBx,2,3,0.5885,230.71,77.78,72.61,647.6,0.5522,198.77,44.31,54.69,539.2,0.5936
playlogue,ew_42ec_12007,G2-A pyannote community-1,2,2,0.5324,177.83,84.72,82.23,647.6,0.4865,160.86,43.22,58.23,539.2,0.5671
playlogue,ew_42ec_12007,G2-B NeMo diar_msdd_telephonic,2,2,0.6232,353.91,26.54,23.13,647.6,0.5959,296.73,9.56,15.04,539.2,0.6698
playlogue,ew_42ec_12007,G3-A nvidia/diar_streaming_sortformer_4spk-v2.1,2,3,0.4766,220.4,64.24,24.0,647.6,0.4307,187.53,30.71,14.0,539.2,0.4851
playlogue,ew_42ec_12007,G4-A OpenMOSS-Team/MOSS-Transcribe-Diarize,2,2,0.5188,269.96,50.45,15.54,647.6,0.4813,233.27,20.37,5.87,539.2,0.5848
playlogue,ew_42ec_12014,G1-A NeMo MarbleNet+TitaNet+spectral,2,4,0.7905,250.11,105.44,75.89,545.76,0.7825,216.99,77.03,61.91,454.89,0.6872
playlogue,ew_42ec_12014,G1-B MarbleNet VAD + VBx,2,2,0.8051,250.11,105.44,83.83,545.76,0.7933,216.99,77.03,66.84,454.89,0.7189
playlogue,ew_42ec_12014,G2-A pyannote community-1,2,2,0.6612,227.74,72.92,60.22,545.76,0.6371,207.54,40.06,42.23,454.89,0.6264
playlogue,ew_42ec_12014,G2-B NeMo diar_msdd_telephonic,2,1,0.8115,397.2,23.89,21.79,545.76,0.7991,336.4,12.7,14.39,454.89,0.8423
playlogue,ew_42ec_12014,G3-A nvidia/diar_streaming_sortformer_4spk-v2.1,2,3,0.6143,221.44,88.72,25.12,545.76,0.5875,197.7,53.86,15.69,454.89,0.5521
playlogue,ew_42ec_12014,G4-A OpenMOSS-Team/MOSS-Transcribe-Diarize,2,2,0.5973,256.16,53.36,16.45,545.76,0.5757,228.31,26.3,7.24,454.89,0.5742
playlogue,ew_42ec_12029,G1-A NeMo MarbleNet+TitaNet+spectral,2,3,0.6888,217.06,85.38,64.98,533.44,0.6682,192.01,60.12,52.02,455.2,0.6104
playlogue,ew_42ec_12029,G1-B MarbleNet VAD + VBx,2,2,0.765,217.06,85.38,105.62,533.44,0.749,192.01,60.12,88.83,455.2,0.7707
playlogue,ew_42ec_12029,G2-A pyannote community-1,2,2,0.5296,177.0,50.33,55.2,533.44,0.4959,160.97,24.21,40.54,455.2,0.5432
playlogue,ew_42ec_12029,G2-B NeMo diar_msdd_telephonic,2,1,0.7553,349.52,19.68,33.69,533.44,0.7421,301.97,9.53,26.29,455.2,0.8181
playlogue,ew_42ec_12029,G3-A nvidia/diar_streaming_sortformer_4spk-v2.1,2,3,0.4731,181.68,54.95,15.76,533.44,0.4411,163.71,27.79,9.28,455.2,0.4636
playlogue,ew_42ec_12029,G4-A OpenMOSS-Team/MOSS-Transcribe-Diarize,2,2,0.4521,150.65,67.4,23.11,533.44,0.4103,142.11,32.69,11.94,455.2,0.4355
playlogue,ew_42ec_22118,G1-A NeMo MarbleNet+TitaNet+spectral,2,4,0.8886,265.91,81.29,69.23,468.64,0.8907,245.94,69.18,63.18,424.73,0.7465
playlogue,ew_42ec_22118,G1-B MarbleNet VAD + VBx,2,1,0.9177,265.91,81.29,82.88,468.64,0.9144,245.94,69.18,73.25,424.73,0.8547
playlogue,ew_42ec_22118,G2-A pyannote community-1,2,2,0.6612,207.47,55.19,47.21,468.64,0.6465,202.3,34.4,37.9,424.73,0.6255
playlogue,ew_42ec_22118,G2-B NeMo diar_msdd_telephonic,2,2,0.8913,374.14,15.63,27.95,468.64,0.8925,343.73,11.24,24.09,424.73,0.878
playlogue,ew_42ec_22118,G3-A nvidia/diar_streaming_sortformer_4spk-v2.1,2,3,0.7198,219.84,53.91,63.6,468.64,0.7013,211.61,34.18,52.08,424.73,0.6562
playlogue,ew_42ec_22118,G4-A OpenMOSS-Team/MOSS-Transcribe-Diarize,2,3,0.6144,222.13,42.25,23.55,468.64,0.6013,217.84,21.83,15.71,424.73,0.5798
playlogue,ew_42ec_22120,G1-A NeMo MarbleNet+TitaNet+spectral,2,3,0.7019,312.04,94.87,75.88,687.84,0.6764,278.25,62.68,62.01,595.73,0.6165
playlogue,ew_42ec_22120,G1-B MarbleNet VAD + VBx,2,3,0.7746,312.04,94.87,125.92,687.84,0.7484,278.25,62.68,104.88,595.73,0.7028
playlogue,ew_42ec_22120,G2-A pyannote community-1,2,2,0.543,212.6,85.42,75.48,687.84,0.5059,198.83,46.27,56.29,595.73,0.5298
playlogue,ew_42ec_22120,G2-B NeMo diar_msdd_telephonic,2,1,0.8112,506.24,20.11,31.61,687.84,0.801,443.04,9.28,24.82,595.73,0.8037
playlogue,ew_42ec_22120,G3-A nvidia/diar_streaming_sortformer_4spk-v2.1,2,4,0.496,226.32,81.76,33.12,687.84,0.4607,205.65,45.89,22.92,595.73,0.4641
playlogue,ew_42ec_22120,G4-A OpenMOSS-Team/MOSS-Transcribe-Diarize,2,2,0.4471,156.4,114.67,36.43,687.84,0.3895,145.16,63.42,23.46,595.73,0.4105
playlogue,ew_42ec_22128,G1-A NeMo MarbleNet+TitaNet+spectral,2,2,0.6996,178.78,56.51,35.11,386.48,0.6925,164.3,40.62,29.35,338.29,0.7704
playlogue,ew_42ec_22128,G1-B MarbleNet VAD + VBx,2,1,0.6618,178.78,56.51,20.5,386.48,0.6491,164.3,40.62,14.67,338.29,0.7738
playlogue,ew_42ec_22128,G2-A pyannote community-1,2,2,0.5945,164.0,38.36,27.42,386.48,0.5773,155.67,19.37,20.25,338.29,0.7491
playlogue,ew_42ec_22128,G2-B NeMo diar_msdd_telephonic,2,2,0.6663,233.51,13.29,10.73,386.48,0.6593,209.06,6.12,7.85,338.29,0.7907
playlogue,ew_42ec_22128,G3-A nvidia/diar_streaming_sortformer_4spk-v2.1,2,2,0.6332,208.96,25.61,10.16,386.48,0.6169,188.54,12.79,7.35,338.29,0.6724
playlogue,ew_42ec_22128,G4-A OpenMOSS-Team/MOSS-Transcribe-Diarize,2,3,0.5312,147.11,47.33,10.85,386.48,0.5166,141.03,26.89,6.84,338.29,0.5717
playlogue,ew_42ec_22148,G1-A NeMo MarbleNet+TitaNet+spectral,2,3,0.8616,186.08,81.1,43.28,360.32,0.8681,171.33,62.79,36.25,311.46,0.7043
playlogue,ew_42ec_22148,G1-B MarbleNet VAD + VBx,2,1,0.894,186.08,81.1,54.93,360.32,0.888,171.33,62.79,42.45,311.46,0.8404
playlogue,ew_42ec_22148,G2-A pyannote community-1,2,2,0.7359,166.44,58.61,40.11,360.32,0.7222,156.66,38.0,30.28,311.46,0.6773
playlogue,ew_42ec_22148,G2-B NeMo diar_msdd_telephonic,2,3,0.8012,248.5,26.25,13.94,360.32,0.8029,223.48,15.98,10.6,311.46,0.7712
playlogue,ew_42ec_22148,G3-A nvidia/diar_streaming_sortformer_4spk-v2.1,2,3,0.6756,179.52,53.04,10.88,360.32,0.6636,165.23,35.16,6.28,311.46,0.6004
playlogue,ew_42ec_22148,G4-A OpenMOSS-Team/MOSS-Transcribe-Diarize,2,2,0.6594,167.3,53.03,17.27,360.32,0.6462,160.41,29.9,10.95,311.46,0.5949
playlogue,ew_42pc_11023,G1-A NeMo MarbleNet+TitaNet+spectral,2,2,0.9447,336.1,115.79,114.7,599.76,0.9409,304.56,89.41,96.18,520.91,0.8484
playlogue,ew_42pc_11023,G1-B MarbleNet VAD + VBx,2,1,0.8984,336.1,115.79,86.92,599.76,0.8895,304.56,89.41,69.37,520.91,0.8506
playlogue,ew_42pc_11023,G2-A pyannote community-1,2,2,0.7314,288.73,62.6,87.33,599.76,0.7074,273.32,31.39,63.78,520.91,0.6958
playlogue,ew_42pc_11023,G2-B NeMo diar_msdd_telephonic,2,1,0.8754,489.71,13.55,21.78,599.76,0.8711,431.92,5.73,16.12,520.91,0.896
playlogue,ew_42pc_11023,G3-A nvidia/diar_streaming_sortformer_4spk-v2.1,2,2,0.6543,294.24,70.4,27.76,599.76,0.6343,271.88,39.1,19.41,520.91,0.5923
playlogue,ew_42pc_11023,G4-A OpenMOSS-Team/MOSS-Transcribe-Diarize,2,2,0.6342,261.08,89.93,29.36,599.76,0.6089,252.72,46.63,17.81,520.91,0.5595
playlogue,ew_42pc_12007,G1-A NeMo MarbleNet+TitaNet+spectral,2,3,0.5639,116.92,65.69,33.39,383.04,0.5115,102.32,36.65,19.15,309.1,0.5048
playlogue,ew_42pc_12007,G1-B MarbleNet VAD + VBx,2,2,0.5967,116.92,65.6,46.04,383.04,0.5397,102.32,36.56,27.95,309.1,0.5491
playlogue,ew_42pc_12007,G2-A pyannote community-1,2,2,0.5196,79.95,72.63,46.47,383.04,0.4496,71.78,38.29,28.89,309.1,0.4885
playlogue,ew_42pc_12007,G2-B NeMo diar_msdd_telephonic,2,2,0.619,185.04,32.89,19.18,383.04,0.5818,155.22,15.16,9.44,309.1,0.5833
playlogue,ew_42pc_12007,G3-A nvidia/diar_streaming_sortformer_4spk-v2.1,2,2,0.4758,101.68,62.24,18.32,383.04,0.4059,85.0,32.06,8.38,309.1,0.4316
playlogue,ew_42pc_12007,G4-A OpenMOSS-Team/MOSS-Transcribe-Diarize,2,2,0.4459,77.49,69.83,23.49,383.04,0.3714,67.12,37.5,10.18,309.1,0.407
playlogue,ew_42pc_12014,G1-A NeMo MarbleNet+TitaNet+spectral,2,3,0.7827,225.77,55.99,35.63,405.52,0.7623,191.16,37.28,26.52,334.48,0.6779
playlogue,ew_42pc_12014,G1-B MarbleNet VAD + VBx,2,1,0.8881,225.77,55.99,78.4,405.52,0.8684,191.16,37.28,62.03,334.48,0.8353
playlogue,ew_42pc_12014,G2-A pyannote community-1,2,2,0.5725,86.97,99.65,45.54,405.52,0.5111,76.76,62.75,31.44,334.48,0.5019
playlogue,ew_42pc_12014,G2-B NeMo diar_msdd_telephonic,2,1,0.926,366.17,3.45,5.89,405.52,0.9178,301.24,1.62,4.14,334.48,0.9084
playlogue,ew_42pc_12014,G3-A nvidia/diar_streaming_sortformer_4spk-v2.1,2,2,0.554,85.2,114.76,24.72,405.52,0.4894,73.05,74.25,16.39,334.48,0.4474
playlogue,ew_42pc_12014,G4-A OpenMOSS-Team/MOSS-Transcribe-Diarize,2,2,0.4819,132.57,43.96,18.87,405.52,0.4217,112.56,19.12,9.37,334.48,0.4484
playlogue,ew_42pc_12029,G1-A NeMo MarbleNet+TitaNet+spectral,2,3,0.6253,300.49,99.32,77.5,763.28,0.6115,281.05,68.25,67.18,681.05,0.5543
playlogue,ew_42pc_12029,G1-B MarbleNet VAD + VBx,2,3,0.6443,300.49,99.32,91.95,763.28,0.6277,281.05,68.25,78.23,681.05,0.5685
playlogue,ew_42pc_12029,G2-A pyannote community-1,2,2,0.487,254.58,89.03,28.09,763.28,0.4653,244.7,52.88,19.33,681.05,0.4658
playlogue,ew_42pc_12029,G2-B NeMo diar_msdd_telephonic,2,2,0.7125,478.04,43.24,22.56,763.28,0.7012,433.6,26.72,17.26,681.05,0.6478
playlogue,ew_42pc_12029,G3-A nvidia/diar_streaming_sortformer_4spk-v2.1,2,3,0.5347,302.64,77.44,28.08,763.28,0.5112,279.66,47.52,20.98,681.05,0.5198
playlogue,ew_42pc_12029,G4-A OpenMOSS-Team/MOSS-Transcribe-Diarize,2,2,0.4603,243.65,79.87,27.78,763.28,0.4357,234.91,43.82,17.96,681.05,0.4491
playlogue,ew_42pc_22118,G1-A NeMo MarbleNet+TitaNet+spectral,2,3,0.8579,307.57,62.96,51.37,491.76,0.8557,277.31,47.35,44.15,430.99,0.7113
playlogue,ew_42pc_22118,G1-B MarbleNet VAD + VBx,2,1,0.9081,307.57,62.96,76.03,491.76,0.8949,277.31,47.35,61.02,430.99,0.8907
playlogue,ew_42pc_22118,G2-A pyannote community-1,2,2,0.5812,218.2,40.93,26.68,491.76,0.5679,209.34,17.65,17.78,430.99,0.5775
playlogue,ew_42pc_22118,G2-B NeMo diar_msdd_telephonic,2,2,0.8957,426.74,5.55,8.17,491.76,0.8947,378.56,1.43,5.62,430.99,0.8387
playlogue,ew_42pc_22118,G3-A nvidia/diar_streaming_sortformer_4spk-v2.1,2,4,0.578,218.4,48.0,17.84,491.76,0.5606,205.98,24.23,11.39,430.99,0.5548
playlogue,ew_42pc_22118,G4-A OpenMOSS-Team/MOSS-Transcribe-Diarize,2,2,0.5442,199.64,48.76,19.21,491.76,0.5268,191.51,24.46,11.08,430.99,0.527
playlogue,ew_42pc_22120,G1-A NeMo MarbleNet+TitaNet+spectral,2,3,0.7492,231.64,85.81,74.33,522.96,0.7415,209.17,65.23,64.77,457.43,0.6289
playlogue,ew_42pc_22120,G1-B MarbleNet VAD + VBx,2,2,0.7259,231.64,85.72,62.25,522.96,0.7101,209.17,65.14,50.52,457.43,0.6478
playlogue,ew_42pc_22120,G2-A pyannote community-1,2,2,0.5151,196.43,48.68,24.25,522.96,0.4933,184.31,26.76,14.57,457.43,0.4939
playlogue,ew_42pc_22120,G2-B NeMo diar_msdd_telephonic,2,2,0.8257,416.19,8.39,7.21,522.96,0.823,370.26,3.28,2.93,457.43,0.8124
playlogue,ew_42pc_22120,G3-A nvidia/diar_streaming_sortformer_4spk-v2.1,2,3,0.5567,236.96,40.64,13.52,522.96,0.535,215.09,21.6,8.05,457.43,0.5302
playlogue,ew_42pc_22120,G4-A OpenMOSS-Team/MOSS-Transcribe-Diarize,2,2,0.5194,196.07,56.27,19.26,522.96,0.4826,182.68,28.41,9.65,457.43,0.4859
playlogue,ew_42pc_22128,G1-A NeMo MarbleNet+TitaNet+spectral,2,2,0.9206,176.48,63.64,36.42,300.4,0.9181,158.97,53.36,30.01,263.95,0.7749
playlogue,ew_42pc_22128,G1-B MarbleNet VAD + VBx,2,1,1.0033,176.48,63.64,61.27,300.4,0.9915,158.97,53.36,49.37,263.95,0.8963
playlogue,ew_42pc_22128,G2-A pyannote community-1,2,2,0.8856,228.05,20.1,17.88,300.4,0.894,215.6,9.81,10.57,263.95,0.8311
playlogue,ew_42pc_22128,G2-B NeMo diar_msdd_telephonic,2,2,0.9864,291.83,2.46,2.03,300.4,0.9864,257.29,1.58,1.48,263.95,0.975
playlogue,ew_42pc_22128,G3-A nvidia/diar_streaming_sortformer_4spk-v2.1,2,2,0.8934,228.32,25.51,14.56,300.4,0.9025,216.08,13.87,8.26,263.95,0.8223
playlogue,ew_42pc_22128,G4-A OpenMOSS-Team/MOSS-Transcribe-Diarize,2,2,0.8792,226.06,26.2,11.85,300.4,0.8894,214.47,14.43,5.87,263.95,0.8037
playlogue,ew_42pc_22148,G1-A NeMo MarbleNet+TitaNet+spectral,2,3,0.6767,258.27,60.84,65.58,568.48,0.6522,223.44,36.86,51.73,478.45,0.6407
playlogue,ew_42pc_22148,G1-B MarbleNet VAD + VBx,2,1,0.7248,258.27,60.84,92.94,568.48,0.7033,223.44,36.86,76.2,478.45,0.7961
playlogue,ew_42pc_22148,G2-A pyannote community-1,2,3,0.5645,175.7,60.23,84.96,568.48,0.526,160.85,27.23,63.56,478.45,0.5986
playlogue,ew_42pc_22148,G2-B NeMo diar_msdd_telephonic,2,1,0.84,422.04,15.79,39.69,568.48,0.8289,358.35,5.59,32.64,478.45,0.8771
playlogue,ew_42pc_22148,G3-A nvidia/diar_streaming_sortformer_4spk-v2.1,2,4,0.5318,207.52,57.19,37.6,568.48,0.4889,180.96,27.19,25.76,478.45,0.5217
playlogue,ew_42pc_22148,G4-A OpenMOSS-Team/MOSS-Transcribe-Diarize,2,2,0.4697,179.36,54.23,33.43,568.48,0.431,168.03,18.33,19.82,478.45,0.4767
playlogue,ew_54ec_11023,G1-A NeMo MarbleNet+TitaNet+spectral,2,2,0.8193,313.5,100.51,66.49,586.48,0.8233,285.1,80.53,59.45,516.33,0.7998
playlogue,ew_54ec_11023,G1-B MarbleNet VAD + VBx,2,1,0.7584,313.5,100.42,30.84,586.48,0.7553,285.1,80.44,24.47,516.33,0.8097
playlogue,ew_54ec_11023,G2-A pyannote community-1,2,2,0.6368,274.85,56.45,42.17,586.48,0.6243,261.01,29.5,31.84,516.33,0.6404
playlogue,ew_54ec_11023,G2-B NeMo diar_msdd_telephonic,2,1,0.8002,447.66,16.24,5.38,586.48,0.8,401.4,8.32,3.35,516.33,0.8733
playlogue,ew_54ec_11023,G3-A nvidia/diar_streaming_sortformer_4spk-v2.1,2,3,0.5826,267.2,63.76,10.72,586.48,0.5696,251.14,36.13,6.84,516.33,0.5359
playlogue,ew_54ec_11023,G4-A OpenMOSS-Team/MOSS-Transcribe-Diarize,2,2,0.5626,245.66,73.15,11.16,586.48,0.5479,239.51,36.3,7.06,516.33,0.5184
playlogue,ew_54ec_12007,G1-A NeMo MarbleNet+TitaNet+spectral,2,3,0.5931,244.32,123.9,75.41,748.0,0.5618,221.04,82.43,60.11,647.23,0.5185
playlogue,ew_54ec_12007,G1-B MarbleNet VAD + VBx,2,3,0.621,244.32,123.9,96.32,748.0,0.5869,221.04,82.42,76.41,647.23,0.5503
playlogue,ew_54ec_12007,G2-A pyannote community-1,2,2,0.5406,209.48,113.82,81.06,748.0,0.4916,195.63,61.99,60.57,647.23,0.5195
playlogue,ew_54ec_12007,G2-B NeMo diar_msdd_telephonic,2,2,0.5975,373.45,45.53,27.93,748.0,0.5703,333.56,18.57,16.99,647.23,0.5882
playlogue,ew_54ec_12007,G3-A nvidia/diar_streaming_sortformer_4spk-v2.1,2,3,0.5247,252.56,97.84,42.08,748.0,0.4777,225.36,52.48,31.35,647.23,0.4822
playlogue,ew_54ec_12007,G4-A OpenMOSS-Team/MOSS-Transcribe-Diarize,2,2,0.4616,175.9,130.02,39.38,748.0,0.4081,167.0,72.13,24.98,647.23,0.4285
playlogue,ew_54ec_12014,G1-A NeMo MarbleNet+TitaNet+spectral,2,3,0.8557,200.68,66.58,41.53,360.88,0.8575,189.19,55.28,37.19,328.45,0.6971
playlogue,ew_54ec_12014,G1-B MarbleNet VAD + VBx,2,2,0.8115,200.68,66.58,25.6,360.88,0.8113,189.19,55.28,22.01,328.45,0.6977
playlogue,ew_54ec_12014,G2-A pyannote community-1,2,2,0.692,186.91,34.72,28.11,360.88,0.6887,181.52,21.43,23.27,328.45,0.6572
playlogue,ew_54ec_12014,G2-B NeMo diar_msdd_telephonic,2,2,0.787,262.85,13.08,8.1,360.88,0.7886,244.62,7.77,6.64,328.45,0.7602
playlogue,ew_54ec_12014,G3-A nvidia/diar_streaming_sortformer_4spk-v2.1,2,3,0.6726,194.0,36.32,12.4,360.88,0.6677,185.93,23.32,10.07,328.45,0.6225
playlogue,ew_54ec_12014,G4-A OpenMOSS-Team/MOSS-Transcribe-Diarize,2,2,0.6595,202.56,28.32,7.11,360.88,0.6525,195.59,14.59,4.14,328.45,0.6176
playlogue,ew_54ec_12029,G1-A NeMo MarbleNet+TitaNet+spectral,2,3,0.6922,236.46,134.31,57.63,618.88,0.6861,221.78,105.7,50.55,551.02,0.5319
playlogue,ew_54ec_12029,G1-B MarbleNet VAD + VBx,2,2,0.8974,236.46,134.31,184.61,618.88,0.8678,221.78,105.7,150.7,551.02,0.8037
playlogue,ew_54ec_12029,G2-A pyannote community-1,2,2,0.5317,245.47,59.52,24.06,618.88,0.5121,233.61,31.89,16.67,551.02,0.4924
playlogue,ew_54ec_12029,G2-B NeMo diar_msdd_telephonic,2,2,0.6608,363.25,33.44,12.25,618.88,0.6514,335.55,16.15,7.27,551.02,0.6332
playlogue,ew_54ec_12029,G3-A nvidia/diar_streaming_sortformer_4spk-v2.1,2,2,0.5489,280.0,52.24,7.44,618.88,0.5312,259.38,28.86,4.46,551.02,0.502
playlogue,ew_54ec_12029,G4-A OpenMOSS-Team/MOSS-Transcribe-Diarize,2,2,0.4912,219.68,72.46,11.87,618.88,0.4709,213.59,39.99,5.87,551.02,0.437
playlogue,ew_54ec_22118,G1-A NeMo MarbleNet+TitaNet+spectral,2,3,0.6555,242.06,164.17,67.27,722.34,0.6486,220.27,118.72,51.51,602.1,0.5802
playlogue,ew_54ec_22118,G1-B MarbleNet VAD + VBx,2,2,0.6619,242.06,164.17,71.87,722.34,0.6489,220.27,118.72,51.72,602.1,0.6115
playlogue,ew_54ec_22118,G2-A pyannote community-1,2,2,0.5548,225.06,138.5,37.21,722.34,0.5268,208.19,83.63,25.39,602.1,0.5149
playlogue,ew_54ec_22118,G2-B NeMo diar_msdd_telephonic,2,1,0.6325,344.77,62.29,49.83,722.34,0.6116,304.42,30.78,33.03,602.1,0.7186
playlogue,ew_54ec_22118,G3-A nvidia/diar_streaming_sortformer_4spk-v2.1,2,3,0.554,248.24,131.36,20.56,722.34,0.5182,221.22,78.05,12.74,602.1,0.5063
playlogue,ew_54ec_22118,G4-A OpenMOSS-Team/MOSS-Transcribe-Diarize,2,2,0.6035,377.0,48.21,10.75,722.34,0.5834,328.94,19.93,2.37,602.1,0.6639
playlogue,ew_54ec_22120,G1-A NeMo MarbleNet+TitaNet+spectral,2,3,0.7859,246.6,109.26,72.56,545.12,0.795,233.21,88.5,67.22,489.21,0.6417
playlogue,ew_54ec_22120,G1-B MarbleNet VAD + VBx,2,2,0.7403,246.6,109.26,47.69,545.12,0.7456,233.21,88.5,43.04,489.21,0.6412
playlogue,ew_54ec_22120,G2-A pyannote community-1,2,3,0.6034,265.05,52.52,11.35,545.12,0.6043,255.81,32.79,7.03,489.21,0.5516
playlogue,ew_54ec_22120,G2-B NeMo diar_msdd_telephonic,2,2,0.7257,361.54,27.65,6.4,545.12,0.7289,337.06,16.02,3.51,489.21,0.7172
playlogue,ew_54ec_22120,G3-A nvidia/diar_streaming_sortformer_4spk-v2.1,2,4,0.6247,282.96,49.52,8.08,545.12,0.6223,265.91,32.38,6.14,489.21,0.5722
playlogue,ew_54ec_22120,G4-A OpenMOSS-Team/MOSS-Transcribe-Diarize,2,2,0.5797,239.55,64.26,12.21,545.12,0.5747,235.98,37.6,7.57,489.21,0.5276
playlogue,ew_54ec_22128,G1-A NeMo MarbleNet+TitaNet+spectral,2,3,0.6762,187.92,46.31,36.09,399.76,0.6643,169.74,31.28,31.39,349.85,0.6488
playlogue,ew_54ec_22128,G1-B MarbleNet VAD + VBx,2,2,0.717,187.92,46.31,52.38,399.76,0.7047,169.74,31.28,45.54,349.85,0.7704
playlogue,ew_54ec_22128,G2-A pyannote community-1,2,2,0.5652,160.37,37.46,28.1,399.76,0.5462,152.65,17.77,20.65,349.85,0.5738
playlogue,ew_54ec_22128,G2-B NeMo diar_msdd_telephonic,2,1,0.7448,279.16,8.58,10.0,399.76,0.7383,247.48,2.93,7.88,349.85,0.8344
playlogue,ew_54ec_22128,G3-A nvidia/diar_streaming_sortformer_4spk-v2.1,2,2,0.5351,164.96,44.4,4.56,399.76,0.5156,153.52,24.65,2.21,349.85,0.4919
playlogue,ew_54ec_22128,G4-A OpenMOSS-Team/MOSS-Transcribe-Diarize,2,2,0.4969,153.8,39.02,5.81,399.76,0.4788,146.13,18.77,2.6,349.85,0.4781
playlogue,ew_54ec_22148,G1-A NeMo MarbleNet+TitaNet+spectral,2,3,0.5812,148.6,106.3,41.81,510.48,0.5637,135.76,78.76,32.21,437.67,0.5161
playlogue,ew_54ec_22148,G1-B MarbleNet VAD + VBx,2,2,0.577,148.6,106.3,39.63,510.48,0.5571,135.76,78.76,29.31,437.67,0.5484
playlogue,ew_54ec_22148,G2-A pyannote community-1,2,2,0.4506,141.69,72.4,15.92,510.48,0.4187,130.05,44.31,8.89,437.67,0.4359
playlogue,ew_54ec_22148,G2-B NeMo diar_msdd_telephonic,2,2,0.5316,208.77,49.28,13.32,510.48,0.5087,187.5,28.64,6.5,437.67,0.5691
playlogue,ew_54ec_22148,G3-A nvidia/diar_streaming_sortformer_4spk-v2.1,2,4,0.4654,169.2,59.25,9.12,510.48,0.4299,149.75,33.56,4.86,437.67,0.4514
playlogue,ew_54ec_22148,G4-A OpenMOSS-Team/MOSS-Transcribe-Diarize,2,2,0.4959,163.7,70.66,18.8,510.48,0.4568,150.01,38.59,11.34,437.67,0.5096
playlogue,gleason_father_david,G1-A NeMo MarbleNet+TitaNet+spectral,2,3,0.8696,63.93,17.45,14.35,110.08,0.8775,55.36,12.43,10.75,89.52,0.7443
playlogue,gleason_father_david,G1-B MarbleNet VAD + VBx,2,1,0.8877,63.93,17.45,16.34,110.08,0.8915,55.36,12.43,12.01,89.52,0.8263
playlogue,gleason_father_david,G2-A pyannote community-1,2,2,0.655,54.59,10.39,7.12,110.08,0.6653,49.92,6.14,3.49,89.52,0.6175
playlogue,gleason_father_david,G2-B NeMo diar_msdd_telephonic,2,2,0.7856,71.03,8.14,7.31,110.08,0.7895,61.62,4.64,4.41,89.52,0.7382
playlogue,gleason_father_david,G3-A nvidia/diar_streaming_sortformer_4spk-v2.1,2,2,0.7115,54.64,17.12,6.56,110.08,0.7149,48.5,11.83,3.67,89.52,0.6317
playlogue,gleason_father_david,G4-A OpenMOSS-Team/MOSS-Transcribe-Diarize,2,2,0.6929,50.16,16.04,10.07,110.08,0.7025,46.64,10.44,5.8,89.52,0.6259
playlogue,gleason_father_helen,G1-A NeMo MarbleNet+TitaNet+spectral,2,3,0.6442,561.49,114.81,99.51,1204.33,0.6165,485.2,62.28,72.06,1004.87,0.6031
playlogue,gleason_father_helen,G1-B MarbleNet VAD + VBx,2,2,0.6932,561.49,114.81,158.49,1204.33,0.6587,485.2,62.28,114.38,1004.87,0.6693
playlogue,gleason_father_helen,G2-A pyannote community-1,2,2,0.4579,332.49,164.37,54.66,1204.33,0.4083,304.32,76.77,29.16,1004.87,0.4259
playlogue,gleason_father_helen,G2-B NeMo diar_msdd_telephonic,2,3,0.6435,627.92,86.63,60.43,1204.33,0.6158,545.32,37.13,36.37,1004.87,0.6181
playlogue,gleason_father_helen,G3-A nvidia/diar_streaming_sortformer_4spk-v2.1,2,2,0.4908,397.54,152.72,40.8,1204.33,0.4395,344.05,76.73,20.88,1004.87,0.4526
playlogue,gleason_father_helen,G4-A OpenMOSS-Team/MOSS-Transcribe-Diarize,2,2,0.4542,201.35,270.21,75.48,1204.33,0.3939,190.61,165.37,39.8,1004.87,0.4015
playlogue,gleason_father_isadora,G1-A NeMo MarbleNet+TitaNet+spectral,2,3,0.8702,200.06,429.15,606.63,1420.16,0.8276,156.8,288.09,460.58,1094.07,0.7172
playlogue,gleason_father_isadora,G1-B MarbleNet VAD + VBx,2,4,0.8606,200.06,429.15,592.99,1420.16,0.8267,156.8,288.09,459.56,1094.07,0.6483
playlogue,gleason_father_isadora,G2-A pyannote community-1,2,2,0.517,391.09,235.3,107.77,1420.16,0.452,328.37,101.93,64.19,1094.07,0.5085
playlogue,gleason_father_isadora,G2-B NeMo diar_msdd_telephonic,2,1,0.7996,1094.97,27.2,13.36,1420.16,0.7788,840.65,6.37,5.09,1094.07,0.8467
playlogue,gleason_father_isadora,G3-A nvidia/diar_streaming_sortformer_4spk-v2.1,2,3,0.5056,276.08,356.86,85.12,1420.16,0.4259,232.5,182.18,51.28,1094.07,0.4549
playlogue,gleason_father_isadora,G4-A OpenMOSS-Team/MOSS-Transcribe-Diarize,2,2,0.4728,286.84,285.07,99.59,1420.16,0.3885,223.19,155.4,46.46,1094.07,0.4568
playlogue,gleason_mother_david,G1-A NeMo MarbleNet+TitaNet+spectral,2,4,0.5678,501.73,140.39,140.96,1379.11,0.5355,417.65,70.45,107.31,1111.98,0.596
playlogue,gleason_mother_david,G1-B MarbleNet VAD + VBx,2,3,0.5877,501.73,140.39,168.34,1379.11,0.5495,417.65,70.44,122.96,1111.98,0.6121
playlogue,gleason_mother_david,G2-A pyannote community-1,2,5,0.571,310.89,190.38,286.16,1379.11,0.5211,268.44,85.96,225.02,1111.98,0.5741
playlogue,gleason_mother_david,G2-B NeMo diar_msdd_telephonic,2,2,0.6046,614.22,84.73,134.91,1379.11,0.5782,507.6,31.85,103.45,1111.98,0.7162
playlogue,gleason_mother_david,G3-A nvidia/diar_streaming_sortformer_4spk-v2.1,2,4,0.4728,331.36,179.92,140.8,1379.11,0.4163,272.18,83.17,107.54,1111.98,0.4509
playlogue,gleason_mother_david,G4-A OpenMOSS-Team/MOSS-Transcribe-Diarize,2,2,0.3854,173.66,242.14,115.76,1379.11,0.3235,155.59,126.9,77.26,1111.98,0.3985
playlogue,gleason_mother_helen,G1-A NeMo MarbleNet+TitaNet+spectral,2,3,0.6325,649.79,146.63,98.22,1414.4,0.5939,553.14,77.6,68.83,1177.98,0.612
playlogue,gleason_mother_helen,G1-B MarbleNet VAD + VBx,2,2,0.6642,649.79,146.63,143.09,1414.4,0.6243,553.14,77.6,104.67,1177.98,0.6551
playlogue,gleason_mother_helen,G2-A pyannote community-1,2,2,0.4675,334.53,206.25,120.51,1414.4,0.3998,303.74,88.25,78.91,1177.98,0.4502
playlogue,gleason_mother_helen,G2-B NeMo diar_msdd_telephonic,2,3,0.6575,769.98,101.9,58.14,1414.4,0.6223,658.65,42.06,32.34,1177.98,0.6584
playlogue,gleason_mother_helen,G3-A nvidia/diar_streaming_sortformer_4spk-v2.1,2,2,0.4351,408.0,167.36,40.0,1414.4,0.3675,346.33,68.96,17.65,1177.98,0.3995
playlogue,gleason_mother_helen,G4-A OpenMOSS-Team/MOSS-Transcribe-Diarize,2,2,0.3825,251.08,224.59,65.39,1414.4,0.3098,221.85,111.84,31.28,1177.98,0.3528
playlogue,gleason_mother_isadora,G1-A NeMo MarbleNet+TitaNet+spectral,2,3,0.607,56.01,57.3,40.92,254.08,0.5666,45.67,35.44,29.55,195.3,0.5324
playlogue,gleason_mother_isadora,G1-B MarbleNet VAD + VBx,2,1,0.6458,56.01,57.3,50.78,254.08,0.6031,45.67,35.44,36.67,195.3,0.7475
playlogue,gleason_mother_isadora,G2-A pyannote community-1,2,2,0.5733,56.25,41.42,48.0,254.08,0.5217,49.34,18.2,34.35,195.3,0.707
playlogue,gleason_mother_isadora,G2-B NeMo diar_msdd_telephonic,2,1,0.7936,187.17,7.89,6.58,254.08,0.7788,145.78,2.21,4.09,195.3,0.8477
playlogue,gleason_mother_isadora,G3-A nvidia/diar_streaming_sortformer_4spk-v2.1,2,2,0.4512,65.52,41.03,8.08,254.08,0.3838,52.56,17.76,4.64,195.3,0.4392
playlogue,gleason_mother_isadora,G4-A OpenMOSS-Team/MOSS-Transcribe-Diarize,2,2,0.3916,54.46,34.29,10.75,254.08,0.3307,45.77,14.29,4.52,195.3,0.3927
playlogue,vh_eastf,G1-A NeMo MarbleNet+TitaNet+spectral,2,3,0.6099,116.9,47.12,30.56,319.04,0.5736,102.22,28.7,22.63,267.71,0.549
playlogue,vh_eastf,G1-B MarbleNet VAD + VBx,2,1,0.8172,116.9,47.12,96.69,319.04,0.7792,102.22,28.7,77.67,267.71,0.824
playlogue,vh_eastf,G2-A pyannote community-1,2,2,0.5942,75.43,50.31,63.85,319.04,0.5503,69.22,27.18,50.93,267.71,0.5884
playlogue,vh_eastf,G2-B NeMo diar_msdd_telephonic,2,2,0.6544,167.88,27.22,13.67,319.04,0.625,145.0,13.64,8.68,267.71,0.6147
playlogue,vh_eastf,G3-A nvidia/diar_streaming_sortformer_4spk-v2.1,2,2,0.455,75.52,53.1,16.56,319.04,0.4042,65.95,30.95,11.32,267.71,0.4153
playlogue,vh_eastf,G4-A OpenMOSS-Team/MOSS-Transcribe-Diarize,2,2,0.4085,73.26,44.9,12.17,319.04,0.3658,68.03,23.99,5.89,267.71,0.3785
playlogue,vh_huntf,G1-A NeMo MarbleNet+TitaNet+spectral,2,3,0.7783,53.65,152.1,116.42,413.92,0.7633,47.29,119.51,99.91,349.42,0.5683
playlogue,vh_huntf,G1-B MarbleNet VAD + VBx,2,2,0.7863,53.65,152.1,119.71,413.92,0.7621,47.29,119.51,99.48,349.42,0.6448
playlogue,vh_huntf,G2-A pyannote community-1,2,3,0.8181,94.29,141.28,103.05,413.92,0.79,88.37,105.15,82.53,349.42,0.6257
playlogue,vh_huntf,G2-B NeMo diar_msdd_telephonic,2,2,0.692,222.37,39.4,24.64,413.92,0.6769,196.47,23.62,16.43,349.42,0.6766
playlogue,vh_huntf,G3-A nvidia/diar_streaming_sortformer_4spk-v2.1,2,2,0.5818,151.77,58.72,30.32,413.92,0.5452,134.17,35.24,21.1,349.42,0.5463
playlogue,vh_huntf,G4-A OpenMOSS-Team/MOSS-Transcribe-Diarize,2,2,0.5983,204.54,28.73,14.36,413.92,0.5745,181.9,12.24,6.6,349.42,0.6016
playlogue,vh_riotf,G1-A NeMo MarbleNet+TitaNet+spectral,2,3,0.7661,138.19,26.21,29.53,253.12,0.7453,122.78,18.25,24.17,221.65,0.7065
playlogue,vh_riotf,G1-B MarbleNet VAD + VBx,2,1,0.8528,138.19,26.21,51.45,253.12,0.8356,122.78,18.25,44.18,221.65,0.8613
playlogue,vh_riotf,G2-A pyannote community-1,2,2,0.7388,65.04,54.07,67.88,253.12,0.6948,61.0,35.96,57.04,221.65,0.7525
playlogue,vh_riotf,G2-B NeMo diar_msdd_telephonic,2,3,0.749,156.14,17.88,15.56,253.12,0.7348,139.11,10.81,12.96,221.65,0.7039
playlogue,vh_riotf,G3-A nvidia/diar_streaming_sortformer_4spk-v2.1,2,2,0.5708,82.0,43.28,19.2,253.12,0.5305,73.5,28.24,15.83,221.65,0.5226
playlogue,vh_riotf,G4-A OpenMOSS-Team/MOSS-Transcribe-Diarize,2,2,0.4958,59.92,46.75,18.84,253.12,0.4607,58.53,30.42,13.17,221.65,0.4569
playlogue,vh_skipf,G1-A NeMo MarbleNet+TitaNet+spectral,2,3,0.715,137.63,77.07,53.51,375.12,0.6967,118.99,52.08,41.66,305.34,0.5885
playlogue,vh_skipf,G1-B MarbleNet VAD + VBx,2,2,0.6938,137.63,77.07,45.57,375.12,0.6704,118.99,52.08,33.63,305.34,0.6026
playlogue,vh_skipf,G2-A pyannote community-1,2,2,0.704,116.36,63.37,84.35,375.12,0.6665,107.0,34.46,62.05,305.34,0.673
playlogue,vh_skipf,G2-B NeMo diar_msdd_telephonic,2,2,0.6937,209.76,33.13,17.33,375.12,0.6729,178.04,16.97,10.47,305.34,0.649
playlogue,vh_skipf,G3-A nvidia/diar_streaming_sortformer_4spk-v2.1,2,2,0.5727,119.92,71.7,23.2,375.12,0.536,101.88,45.95,15.81,305.34,0.5014
playlogue,vh_skipf,G4-A OpenMOSS-Team/MOSS-Transcribe-Diarize,2,2,0.5573,129.18,59.25,20.64,375.12,0.532,118.37,32.27,11.82,305.34,0.501
